id,name,country_code,city,website,qs_rank,the_rank
1c52686f-ea1c-58d4-919e-4b5fd772ef3a,Australian Catholic University,AU,,http://www.acu.edu.au/,,
a3414bf5-eb71-5442-ac21-ca305e9c6670,Australian Correspondence Schools,AU,,http://www.acs.edu.au/,,
c9cbca3f-562e-5a75-8d7b-108af9697dd2,Australian Defence Force Academy,AU,,http://www.adfa.oz.au/,,
0fe65760-3973-541c-b400-1c2d48d86eda,Australian Lutheran College,AU,,http://www.alc.edu.au/,,
9f8e4495-93af-5ce1-b073-5ef67408f882,Australian Maritime College,AU,,http://www.amc.edu.au/,,
51842501-e73f-58cb-8fd1-47970f3f634a,Australian National University,AU,,http://www.anu.edu.au/,,
eb8cc33c-933c-50c4-831b-ad604791e766,Avondale University,AU,,http://www.avondale.edu.au/,,
d7c0bff7-b4c8-5661-9b7a-42b14e04b03a,Batchelor Institute of Indigenous Tertiary Education,AU,,http://www.nt.gov.au/batc/,,
2c7340cf-216c-57e6-b3bc-b4a553401425,Blue Mountains Hotel School,AU,,http://www.hotelschool.com.au/,,
10c3c882-ef28-5873-86d4-38e16a2375e6,Bond University,AU,,http://www.bond.edu.au/,,
cc6aafaf-7f45-545f-9d2b-2824491049a9,Box Hill Institute,AU,,http://www.bhtafe.edu.au,,
a842d9ce-8b91-5ecd-9405-eec6fd888d04,Central Queensland University,AU,,http://www.cqu.edu.au/,,
8019db4f-1163-5735-9a8b-0af4beb995cd,Charles Darwin University,AU,,http://www.cdu.edu.au/,,
1caf8942-dd4e-5334-9d6c-d672adc0317b,Charles Sturt University,AU,,http://www.csu.edu.au/,,
665095b2-51a2-5e3e-a5dc-cae6d5d24f23,Curtin University,AU,,http://www.curtin.edu.au/,,
90fd3778-296d-5c45-a1d9-bc0d7636d4e5,Deakin University,AU,,http://www.deakin.edu.au/,,
456066eb-396d-5ba5-bd66-e66400d60205,Edith Cowan University,AU,,http://www.ecu.edu.au/,,
1e093a65-24e2-591b-82dd-beb2a462cceb,Engineering Institute of Technology,AU,,https://www.eit.edu.au/,,
8c54b10b-5211-59b8-98cc-738de788fa56,Federation University Australia,AU,,http://federation.edu.au/,,
19484193-b6a0-5842-be03-a93eb6a57bc2,Flinders University of South Australia,AU,,http://www.flinders.edu.au/,,
53e8c73e-9db4-5e16-8cb6-9980134ebb6a,Griffith University,AU,,https://www.griffith.edu.au/,,
d3aecb37-bddf-51ba-8418-fd931a4ebc5a,Holmes Institute,AU,,http://www.holmes.edu.au/,,
a9622677-79e3-5998-9c3e-925ef7c52bcb,"Institute Of Technology, Australia",AU,,http://www.iota.edu.au/,,
5ae4a20d-4e4c-57d3-b8e6-335c497c94d4,International College of Tourism and Hotel Management,AU,,http://www.icthm.edu.au/,,
272b1a22-f5b2-5353-abbf-08b593cb0b9f,James Cook University of North Queensland,AU,,http://www.jcu.edu.au/,,
041eae25-9f22-5675-aa24-cbf93cd820f3,La Trobe University,AU,,http://www.latrobe.edu.au/,,
2fa7921e-347c-59cf-92b3-2ca2bf0a652c,Linuwel School,AU,,http://www.linuwel.nsw.edu.au/,,
c5b481e8-013d-5de2-adcb-33a7097c6804,Macquarie University,AU,,http://www.mq.edu.au/,,
4d89a5bc-4939-579f-8a70-94c87e023f7c,Marcus Oldham College,AU,,http://www.marcusoldham.vic.edu.au/,,
3d14cb63-1ccf-599a-9142-b648891d824c,Monash University,AU,,http://www.monash.edu/,,
486eeb02-e3a5-599f-a8f7-1a8fd582adef,Murdoch University,AU,,http://www.murdoch.edu.au/,,
a2b27aab-e456-5f5b-89e1-ca860a69a940,Queensland University of Technology,AU,,http://www.qut.edu.au/,,
683f3142-6903-5a42-835b-43d8281a758c,Royal Melbourne Institute of Technology,AU,,http://www.rmit.edu.au/,,
54e9b20c-ac4b-5384-9d64-480619a52a03,SP Jain School of Global Management,AU,,https://www.spjain.org/,,
9e51f5b8-bad6-50e8-b81c-522549300baa,South Metropolitan TAFE,AU,,https://www.southmetrotafe.wa.edu.au/,,
eb070765-a3ed-55f6-b3b4-3ceabece5d3d,Southern Cross University,AU,,http://www.scu.edu.au/,,
67d2ad01-9d86-53c4-942f-ddafbfe5f735,St. George's University (Australia),AU,,https://stgc.uwa.edu.au/,,
0bf68e3d-d1c3-5972-bb2b-66c526fa044b,Swinburne University of Technology,AU,,http://www.swin.edu.au/,,
f00462a0-636e-5a01-8fa6-9eaf6893a9d2,Torrens University Australia,AU,,https://www.torrens.edu.au,,
6dc60f80-5cfb-597e-9c73-797fd2b5c30f,University of Adelaide,AU,,http://www.adelaide.edu.au/,,
c730bcfb-c5ae-52b8-802c-acc1e2fa603b,University of Canberra,AU,,http://www.canberra.edu.au/,,
567215ff-344c-532d-82ce-bc94b675d69e,University of Melbourne,AU,,http://www.unimelb.edu.au/,,
88cac7c0-8bd6-551f-a0e4-52a69a8466c0,University of New England,AU,,http://www.une.edu.au/,,
7551cfb0-9fa8-5e7d-81c3-9e1c25565dce,University of New South Wales,AU,,http://www.unsw.edu.au/,,
6d28b435-0cc0-56fc-893a-e1f83d26cf3e,University of Newcastle,AU,,http://www.newcastle.edu.au/,,
ade18ec8-1c7a-54f6-9f88-5c861bfda377,University of Notre Dame Australia,AU,,http://www.nd.edu.au/,,
57a1aa25-31fe-50e4-947f-643ca32b4d3f,University of Queensland,AU,,http://www.uq.edu.au/,,
b124ad42-1429-56d8-a420-05afbdb45920,University of South Australia,AU,,http://www.unisa.edu.au/,,
cf17806e-d766-5b32-b791-de9c2444d47a,University of Southern Queensland,AU,,http://www.usq.edu.au/,,
770a7cc7-d224-575c-89ab-d863df844f31,University of Sydney,AU,,http://sydney.edu.au/,,
aa950c19-7d31-5974-9785-607b7ddfe569,University of Tasmania,AU,,http://www.utas.edu.au/,,
3da4c0ef-13ab-59ef-8618-710b6d5dc93b,University of Technology Sydney,AU,,http://www.uts.edu.au/,,
df4deee9-5867-58c1-8eea-1546521d8ed9,University of Western Australia,AU,,http://www.uwa.edu.au/,,
53d3f0e1-0828-5034-9a1b-fb0fec0db293,University of Western Sydney,AU,,http://www.uws.edu.au/,,
ae209e9f-f8b0-5655-9474-9439225fdfc3,University of Wollongong,AU,,http://www.uow.edu.au/,,
cc168640-f684-513b-ac07-082f8467550a,University of the Sunshine Coast,AU,,http://www.usc.edu.au/,,
7fbc07e4-ff86-58f1-955c-00cba232407e,Victoria University,AU,,http://www.vu.edu.au/,,
690b893a-97cd-5211-99d4-4e206390137d,Western Sydney University,AU,,https://www.westernsydney.edu.au/,,
7881f38b-bcda-52fc-856f-f25c95756463,Acadia University,CA,,http://www.acadiau.ca/,,
6fded1d9-1e2c-58eb-acfb-517eedf2a00f,Algonquin College,CA,,http://www.algonquincollege.com/,,
592ddd10-5aa7-5253-817b-f8e6c0fa0e90,Ashton College,CA,,http://www.ashtoncollege.com/,,
5d55f0a5-289c-592b-9a20-a3a9099640dc,Assumption University,CA,,http://www.assumptionu.ca/,,
cfb304c9-3914-50a7-beb3-c8295a1dbdfa,Athabasca University,CA,,http://www.athabascau.ca/,,
b3538fe7-cf64-58d4-a1a6-d86f66c52571,Augustana University College,CA,,http://www.augustana.ab.ca/,,
6a66e8a1-bce9-5114-8b52-03be7b7995da,Bishop's University,CA,,http://www.ubishops.ca/,,
62df9954-19b4-54b0-8e6c-b283dc53a3c1,Bow Valley College,CA,,http://www.bowvalleycollege.ca/,,
1a9b521d-4515-5c68-ac5a-1e4e742cdfff,Brandon University,CA,,http://www.brandonu.ca/,,
ac32cb21-5b1b-59bc-84c7-7cc87809faf6,British Columbia Institute of Technology,CA,,http://www.bcit.ca/,,
1ef1ee16-08e7-510e-b186-7d91eb66b416,British Columbia Open University,CA,,http://www.bcou.ca/,,
95851667-1e64-5bcf-8b29-7286e81c7153,Brock University,CA,,http://www.brocku.ca/,,
096855c0-f275-5c66-8654-5510e1dd9c4a,Cambrian College,CA,,https://cambriancollege.ca/,,
bc9d57ee-bbdb-5a60-9aae-57ac8081184b,Camosun College,CA,,http://www.camosun.bc.ca/,,
0458cfde-3345-5469-aca2-fd618dbeb5c9,Canadian College of Business & Computers,CA,,http://www.ccbc.ca/,,
9d026b93-036f-5cba-b2a6-1c3a4984b8fe,Canadian Mennonite University,CA,,http://www.cmu.ca/,,
8598c2c9-dfbd-529f-87c8-6b23b04a1767,Capilano College,CA,,http://www.capcollege.bc.ca/,,
877011ab-7cc4-5ccc-b62b-134318292152,Carleton University,CA,,http://www.carleton.ca/,,
d4eb61d6-9dc3-528d-937a-d4e60e0e767a,Centennial College,CA,,http://www.centennialcollege.ca/,,
69a6f445-c016-5eea-a862-fac3c65cfb14,College of Bois-de-Boulogne,CA,,https://www.bdeb.qc.ca/,,
de6b3354-fb37-5757-bb42-dd7e1076e976,College of New Caledonia,CA,,http://www.cnc.bc.ca/,,
a1af2091-6551-53a5-bcbe-64647b4dde1b,College of the Rockies,CA,,http://www.cotr.bc.ca/,,
aad7954c-8d68-5bd1-8bd3-caa1375eead4,Collège Boréal,CA,,http://www.borealc.on.ca/,,
f8f04602-23bb-5b96-8225-1461cf01877a,Collège Universel Gatineau,CA,,https://collegeuniversel.ca/,,
96f6bca8-fe6e-54fa-8b77-fa13b5af433e,Columbia College,CA,,http://www.columbiacollege.ca/,,
d0bff450-0cd5-57b7-8ddc-d40b66706d1d,Concordia University,CA,,http://www.concordia.ca/,,
ee36226c-bf0a-5235-b389-b677956a90da,Concordia University College of Alberta,CA,,http://www.concordia.ab.ca/,,
2d17870c-99d0-586b-b446-41800b15723d,Conestoga College,CA,,http://www.conestogac.on.ca/,,
c621e7fa-dbe0-5d21-aeb7-af0628cd74fd,Cégep de Saint-Jérôme,CA,,https://www.cstj.qc.ca,,
ec9c9d44-4a93-5904-a059-dbedabcc445f,Dalhousie University,CA,,http://www.dal.ca/,,
082c1438-cb59-5275-9c21-71151bba3204,Dawson College,CA,,https://www.dawsoncollege.qc.ca/,,
ec470c46-0b0a-5251-afee-86a3eae7cb41,DeVry Institute of Technology,CA,,http://www.cal.devry.ca/,,
028a4d1a-3460-5935-b43f-2e13b177ac66,Dominican College of Philosophy and Theology,CA,,http://www.op.org/canada/college.htm,,
dae01626-caa9-5a2a-804f-24aad876bf9d,Douglas College,CA,,http://www.douglas.bc.ca/,,
0a8c338a-a314-5f06-ae05-a982b4f736f1,Durham College,CA,,https://durhamcollege.ca/,,
0fa224a2-7cca-5dec-98a8-fd9e2d969fc9,Emily Carr Institute of Art + Design,CA,,http://www.eciad.bc.ca/,,
ba0d1628-9307-5ca7-a8b8-875f64c379ad,Fanshawe College,CA,,https://www.fanshawec.ca/,,
f647ad17-46d5-5dc0-be15-9dcbcb1c9345,First Nations University of Canada,CA,,http://www.firstnationsuniversity.ca/,,
c3e52e15-f64b-5094-ab8c-e5af78c64e8a,George Brown College,CA,,http://www.gbrownc.on.ca/,,
4d980e39-92cb-5756-b252-addd6cf975c7,Georgian College,CA,,https://www.georgiancollege.ca/,,
697c16d2-d776-56a7-9206-8943975595a0,Humber College,CA,,http://www.humber.ca/,,
fb81f6d0-d6cb-5b8e-b8d7-5d4f70a25855,Huron University College,CA,,http://www.huronuc.on.ca/,,
f2e2b4a4-d5b4-5574-b25b-086f3dc35567,"Institut Armand-Frappier, Université du Québec",CA,,http://www.iaf.inrs.ca/,,
282629ae-9a88-5420-acb0-f2a3ca4c2d93,"Institut National de la Recherche Scientifique, Université du Québec",CA,,http://www.inrs.uquebec.ca/,,
17b4cdfb-c467-5634-9436-4e88f5a60eeb,King's University College,CA,,http://www.kingsu.ab.ca/,,
b9a7b583-208c-51b4-85ad-4826fdd25029,Kingston College,CA,,http://www.kingston.edu/,,
86e15055-95a6-59e2-98c5-ef3b16d06b77,Kwantleen University College,CA,,http://www.kwantlen.bc.ca/,,
22f967dc-ef37-58a9-9153-fefaeee79221,Lakehead University,CA,,http://www.lakeheadu.ca/,,
e18ece80-ee54-5f13-bef5-6c90fb243d1f,Lambton College,CA,,https://www.lambtoncollege.ca,,
30863cc9-4d1d-53d8-a935-7dcfcabd51dd,Langara College,CA,,http://www.langara.bc.ca/,,
e6ed0d6f-b819-5f1b-9906-ae9256c186cf,Lansbridge University,CA,,http://www.lansbridge.com/,,
9461d671-7982-515b-820c-e83e4da08832,Laurentian University of Sudbury,CA,,http://www.laurentian.ca/,,
0d2b7990-140c-5cd1-b94f-f574be9bfec6,Lethbridge College,CA,,https://lethbridgecollege.ca/,,
046f322d-1c17-58a6-b875-5bcdb8652515,Luther College,CA,,http://www.saskweb.com/luthercollege/,,
39916328-dfbc-5e10-8280-ceecf151e408,MacEwan University,CA,,http://www.macewan.ca/,,
d6327264-aac7-5686-b9b1-d058df89a69c,Malaspina University College,CA,,http://www.mala.bc.ca/,,
206045e1-09ac-5a38-9743-4d0cf3996a72,McGill University,CA,,http://www.mcgill.ca/,,
1c1e3e8b-c03f-5189-ab32-7518b8547773,McMaster University,CA,,http://www.mcmaster.ca/,,
35522673-4137-587d-afaa-7094e557e6cf,Memorial University of Newfoundland,CA,,http://www.ucs.mun.ca/,,
ea8fd6b9-bcd1-5d6d-a303-288b441a1a0b,Mohawk College,CA,,https://www.mohawkcollege.ca/,,
06310e3d-40b2-51a6-a3c5-4fb169ee1bb9,Mount Allison University,CA,,http://www.mta.ca/,,
d4733062-5430-5763-a347-d1aa5950b290,Mount Royal University,CA,,http://www.mtroyal.ca/,,
dc21efc1-34f3-54bb-8eb6-3c6787b327b5,Mount Saint Vincent University,CA,,http://www.msvu.ca/,,
34235784-9278-5ac1-a2c5-f6be6f972453,Niagara College Canada,CA,,https://www.niagaracollege.ca/,,
a17c7bbf-7ff8-5d0d-acb1-1cfbb5288b86,Nicola Valley Institute of Technology,CA,,http://www.nvit.bc.ca/,,
f9157bc8-07cd-5105-8793-a49846003efa,Nipissing University,CA,,http://www.nipissingu.ca/,,
15572e8d-7f1c-5e58-914e-89276930344e,North Island College,CA,,http://www.nic.bc.ca/,,
1e9130d6-a3bf-553a-a5c7-7e2a9ddf0dc7,Northern Alberta Institute of Technology,CA,,http://www.nait.ca/,,
12405e75-5a4f-5a3c-8639-133cf9319260,Northern Lights College,CA,,http://www.nlc.bc.ca/,,
94415e2f-a89f-585a-845d-b7d2e996d4a7,Nova Scotia Agricultural College,CA,,http://www.nsac.ns.ca/,,
1b23a4ca-fa05-57a9-83b7-e1ffc2c8cd07,Nova Scotia College of Art and Design,CA,,http://www.nscad.ns.ca/,,
5dd95d81-07eb-5a48-a4f3-5a18a77f4999,Okanagan University College,CA,,http://www.okanagan.bc.ca/,,
36215dce-9737-55f9-a4a2-59e362a57066,Ontario College of Art and Design,CA,,http://www.ocad.ca/,,
ee5e4bb8-1bb5-55ad-9f51-fa0b8cb35195,Ontario Tech University,CA,,https://ontariotechu.ca/,,
c18ae8c9-0427-54a5-8c2f-a747dd2abf7f,Pacific International College,CA,,http://www.picollege.ca/,,
1ecf7420-ec74-59a3-a59b-13c543498bff,Queen's University,CA,,http://www.queensu.ca/,,
72e46ab8-18b8-5259-84f0-29bdfdb7ab8f,Quest University,CA,,http://www.questu.ca/,,
489624ad-ad40-5e8a-a3a6-03a4011e2a27,Redeemer College,CA,,http://www.redeemer.ca/,,
c75e31fa-2366-59b8-97c6-3fa36e14b5d6,Regent College,CA,,http://www.regent-college.edu/,,
e3b5d79d-eb66-5921-8faa-5896d5616fe5,Royal Military College of Canada,CA,,http://www.rmc.ca/,,
532fc397-da0e-577d-a810-f6a67a8d8558,Royal Roads University,CA,,http://www.royalroads.ca/,,
9550d821-4050-5e13-82ba-072524d1854d,Ryerson Polytechnic University,CA,,http://www.ryerson.ca/,,
677c5d0f-23db-5883-95e7-e4d31e4cd7c7,Saskatchewan Indian Federated College,CA,,http://www.sifc.edu/,,
a8bad03c-75d1-59d0-a52a-f0ca6bea79f3,Sauder School of Business,CA,,http://www.sauder.ubc.ca/,,
29c5ab16-fced-51a2-b5b0-83a7075ad354,Selkirk College,CA,,http://www.selkirk.bc.ca/,,
d1cb5a49-6fa3-5bc3-a391-9ed78132c975,Seneca College,CA,,http://www.senecacollege.ca/,,
2b3adfa9-6e22-595e-8311-499ac79d8ddd,Sheridan College,CA,,http://www.sheridancollege.ca/,,
f3476d5b-acce-5032-b923-a9fdc79e2212,Simon Fraser University,CA,,http://www.sfu.ca/,,
f47203a4-6351-530c-8c70-56a3b4cf5004,Southern Alberta Institute of Technology,CA,,http://www.sait.ca/,,
76d6d7c7-ad2e-5a60-b6cc-1107e8f6019b,St. Anne University,CA,,http://www.ustanne.ednet.ns.ca/,,
cb2a7624-706c-5987-b993-9eca483859b9,St. Clair College,CA,,http://www.stclairc.on.ca/,,
d58e3b25-8ddf-561c-a962-e82f89085d43,St. Francis Xavier University,CA,,http://www.stfx.ca/,,
1aa11990-44e7-5a3c-9d63-1a590a68ff77,St. Mary's University,CA,,http://www.stmarys.ca/,,
0295d87b-8370-53ae-9e18-540506cebef0,St. Paul University,CA,,http://www.ustpaul.ca/,,
c918a133-2c3d-595e-974d-dc6abf288c89,St. Thomas University,CA,,http://www.stthomasu.ca/,,
4a4fb156-5a90-57c5-ba10-dad51c7d81bb,Thompson Rivers University,CA,,http://www.tru.ca/,,
78ee220c-671f-596b-bee7-fdbf583b71ef,Toronto Baptist Seminary and Bible College,CA,,https://tbs.edu,,
01ae5085-63ec-559a-bac3-8ae941151ede,Toronto Metropolitan University,CA,,https://www.torontomu.ca/,,
e0c0132f-5ce4-58fa-a357-509f77609b87,Trent University,CA,,http://www.trentu.ca/,,
eed1ae68-1a3f-58ac-b253-c08ab264ecc9,Trinity Western University,CA,,http://www.twu.ca/,,
93465274-d88d-5ae4-a5d0-609265dcc762,"Télé-université, Université du Québec",CA,,http://www.teluq.uquebec.ca/,,
6e44ca71-8ff7-5808-8813-c13bbf2764fd,University Canada West,CA,,http://www.universitycanadawest.ca/,,
d301afe9-f5a2-58e5-9980-cbc40daff7b3,University College of Cape Breton,CA,,http://www.uccb.ns.ca/,,
083eb5e8-a8e5-510b-9545-6e3b350919d7,University College of Saint-Boniface,CA,,http://www.ustboniface.mb.ca/,,
f3e03e62-03e9-58d5-9589-ae79de95c6c8,University College of the Cariboo,CA,,http://www.cariboo.bc.ca/,,
58d453cd-e3ea-5407-8ae9-de0b9bae9e64,University of Alberta,CA,,http://www.ualberta.ca/,,
813519ee-5b6d-536e-9737-ad7e5d595c2f,University of British Columbia,CA,,http://www.ubc.ca/,,
efebf717-7cf5-508f-8257-60b3351d2197,University of Calgary,CA,,http://www.ucalgary.ca/,,
f6a84cd4-2887-5c20-8889-c85137c8b5d4,University of Guelph,CA,,http://www.uoguelph.ca/,,
25c49b2c-3054-5ac1-b018-b697e42f7050,University of King's College,CA,,http://www.ukings.ns.ca/,,
60a819e5-aa7e-57fd-af16-cfa5b1a38925,University of Lethbridge,CA,,http://www.uleth.ca/,,
58df342f-2a34-5edf-971f-4cbdee4abcbd,University of Manitoba,CA,,http://www.umanitoba.ca/,,
89ae6849-aef5-52a0-b649-25108a6cfb19,University of Moncton,CA,,http://www.umoncton.ca/,,
e39fd3c1-2381-51fa-96da-720933289452,"University of Moncton, Edmundston",CA,,http://www.cuslm.ca/,,
8a54de4c-6663-54fd-90d7-de4768aeff1a,"University of Moncton, Shippagan",CA,,http://www.cus.ca/,,
80e67e41-1f4d-58bd-9b3f-95bd3fe7b730,University of New Brunswick,CA,,http://www.unb.ca/,,
0fd867f5-8ac1-5475-b39c-7f2b8cf36914,"University of New Brunswick, Saint John",CA,,http://www.unbsj.ca/,,
92441850-4734-5bff-bb9d-78e3683a5157,University of Northern British Columbia,CA,,http://www.unbc.ca/,,
609c99a5-a693-5525-b297-982797b47d49,University of Ontario Institute of Technology,CA,,http://www.uoit.ca/,,
e94a9883-eedd-5169-b500-bab1f4d159e9,University of Ottawa,CA,,http://www.uottawa.ca/,,
6ec152ad-b67a-59b9-8746-3b965050e64a,University of Prince Edward Island,CA,,http://www.upei.ca/,,
375d6fc8-5954-51cd-994f-ace606745529,University of Québec,CA,,http://www.uquebec.ca/,,
5d48a767-fb0b-529e-98b7-3949d327aef9,University of Regina,CA,,http://www.uregina.ca/,,
593bd64a-faed-5f39-b3cb-73e6b544054b,University of Saskatchewan,CA,,http://www.usask.ca/,,
ab5800bf-ca29-5e52-a99f-5428c5b277c6,University of St. Jerome's College,CA,,http://www.usjc.uwaterloo.ca/,,
84ba2db3-7c3f-5919-8a2a-8c4aacac235a,University of Sudbury,CA,,http://www.usudbury.com/,,
f0553d54-4430-5a42-9c4d-ccff765acb4c,University of Toronto,CA,,http://www.utoronto.ca/,,
132e0a7f-4ec1-5e96-95b6-11051e047b0e,"University of Toronto, Mississauga",CA,,http://www.utm.utoronto.ca/,,
6f552fb2-699f-57b4-be3a-82182db91087,"University of Toronto, Scarborough",CA,,http://www.scar.utoronto.ca/,,
5a86ea51-0b79-576c-98e0-970875e6be61,University of Trinity College,CA,,http://www.trinity.utoronto.ca/,,
f9634ca1-3fdb-57e3-bd96-65c79f44384b,University of Victoria,CA,,http://www.uvic.ca/,,
b6413fc2-78ff-5497-bb95-7e25c9d3251b,University of Waterloo,CA,,http://www.uwaterloo.ca/,,
6e6556b3-0fc4-5497-a8b1-6e0b451ae9d4,University of Western Ontario,CA,,http://www.uwo.ca/,,
63ff8f33-0d1e-556e-a23f-38b95ef8fdbb,University of Windsor,CA,,http://www.uwindsor.ca/,,
7a74ecf4-70ee-5f8b-8881-9af4d1a0bd31,University of Winnipeg,CA,,http://www.uwinnipeg.ca/,,
632073b6-1219-5031-a19e-2c8c509ea1c8,University of the Fraser Valley,CA,,https://www.ufv.ca/,,
ff7dbf37-07b5-5908-8fc2-cdcbd4aa67ca,Université Laval,CA,,http://www.ulaval.ca/,,
50e56a6e-97a1-547e-9df0-2e216e36fb94,Université de Montréal,CA,,http://www.umontreal.ca/,,
a7c99224-33bb-5431-b872-ddecaa6194d9,Université de Sherbrooke,CA,,http://www.usherb.ca/,,
2dc304a5-7d6b-5bcf-ad96-70a5f91f094f,Université du Québec en Abitibi-Témiscamingue,CA,,http://www.uqat.uquebec.ca/,,
65ad8297-b37a-53d8-953f-408a9a42a570,Université du Québec en Outaouais,CA,,http://www.uqo.ca/,,
ca3782a5-14a2-57f8-a09d-5625f4080b9a,Université du Québec à Chicoutimi,CA,,http://www.uqac.ca/,,
b5a54142-efe0-5cf0-b0f0-22653232249e,Université du Québec à Montréal,CA,,http://www.uqam.ca/,,
14fa9b1e-34b2-5662-bc8d-66a28a73e03f,Université du Québec à Rimouski,CA,,http://www.uqar.uquebec.ca/,,
afc2a4c7-9c6c-58cc-ad48-2529411c4a29,Université du Québec à Trois-Rivières,CA,,http://www.uqtr.uquebec.ca/,,
dcb02431-0f33-5fba-a0d3-0b720d03d8cd,Vancouver Community College,CA,,http://www.vcc.ca/,,
6f134fc1-6240-541c-9db8-12f8554e87ca,Vanier College,CA,,https://www.vaniercollege.qc.ca/,,
357d0e42-b4a1-5b26-9e9f-d985539be476,"Victoria University Toronto, University of Toronto",CA,,http://vicu.utoronto.ca/,,
788bc2be-9e62-50ba-bcb9-cdcac5862148,Wilfrid Laurier University,CA,,http://www.wlu.ca/,,
260a0ee6-f6dc-54c1-8297-5d4568b71e41,William and Catherine Booth College,CA,,http://www.boothcollege.ca/,,
71697763-2cfe-5a35-a79e-fedebec4c52f,York University,CA,,http://www.yorku.ca/,,
15cb9106-c235-576e-874a-bf748cbaa921,Yukon College,CA,,http://www.yukoncollege.yk.ca/,,
d36cf84a-e52a-5aa8-bfcc-1628b508175b,"École Polytechnique de Montréal, Université de Montréal",CA,,http://www.polymtl.ca/,,
0d21ea03-31a8-59e4-b57b-fc982a809b37,"École de technologie supérieure, Université du Québec",CA,,http://www.etsmtl.ca/,,
c5edd342-1715-5ae5-958e-1f0610768f33,École des Hautes Études Commerciales,CA,,http://www.hec.ca/,,
e3c14be3-22ad-554e-9e64-2bb5324a4f85,"École nationale d'administration publique, Université du Québec",CA,,http://www.enap.uquebec.ca/,,
16828094-a217-558e-842d-545b6519089d,"AKAD Hochschulen für Berufstätige, Fachhochschule Leipzig",DE,,http://www.akad.de/,,
72353216-fb8e-54cd-b810-6b56aaea7750,Albert-Ludwigs-Universität Freiburg,DE,,http://www.uni-freiburg.de/,,
ff8ef2e6-8588-5ad6-9baf-2000e14a5c2b,Alice-Salomon-Fachhochschule für Sozialarbeit und Sozialpädagogik Berlin,DE,,http://www.asfh-berlin.de/,,
979dc678-2691-5b32-967d-962b3fc98ca5,Augustana Hochschule Neuendettelsau,DE,,http://www.augustana.de/,,
4c58baa9-c89e-58e3-9f3d-65cf5395639f,Bauhaus Universität Weimar,DE,,http://www.uni-weimar.de/,,
87ada844-e558-5f85-95fa-636a32dae322,Bayerische Julius-Maximilians-Universität Würzburg,DE,,http://www.uni-wuerzburg.de/,,
ca842899-e94d-5316-ac5c-74653902f360,Bergische Universität Gesamthochschule Wuppertal,DE,,http://www.uni-wuppertal.de/,,
be5e0286-e61d-535b-85da-2de046a457cd,BiTS - Business and Information Technology School gGmbH,DE,,http://www.bits-iserlohn.de/,,
92c6d3cf-4fa2-5657-abdd-b5824c70e910,Brandenburgische Technische Universität Cottbus,DE,,http://www.tu-cottbus.de/,,
2c1860cb-b1c4-5b86-ad1a-71c28532a6e6,CODE University of Applied Sciences Berlin,DE,,http://code.berlin/,,
d4be0026-03cc-50fb-96c7-43ad596e3826,Carl von Ossietzky Universität Oldenburg,DE,,https://uol.de,,
2bb078b8-25cc-52e9-8a0f-4470e2caf828,Christian-Albrechts-Universität Kiel,DE,,http://www.uni-kiel.de/,,
a79ef674-8ba3-594d-8eb1-bb4f51295b7f,Cologne Business School,DE,,http://www.cbs.de/,,
67413d62-a67d-515c-8039-c29c9d601df9,DIPLOMA-Fachhochschule Ölsnitz/Vogtland,DE,,http://www.diploma.de/,,
56adcc0b-ba29-539f-a5ce-3e8e02800321,"Deutsch-Ordens Fachhochschule Riedlingen, Hochschule für Wirtschaft",DE,,http://www.fh-riedlingen.de/,,
5b916232-eaa1-52fc-b54c-70f4ffdf62e6,Deutsche Hochschule für Verwaltungswissenschaften Speyer,DE,,http://www.dhv-speyer.de/,,
6d982e77-8f0c-53a9-854d-4970f769f660,Deutsche Sporthochschule Köln,DE,,http://www.dshs-koeln.de/,,
e502c2d3-a196-5570-a6de-84c425c05239,Deutsche Telekom Fachhochschule Leipzig,DE,,http://www.fh-telekom-leipzig.de/,,
395ff4f2-d038-5ebd-a751-0ec1af2a1c2c,Deutsche Universität für Verwaltungswissenschaften Speyer,DE,,https://www.uni-speyer.de/,,
f49f35e1-61a9-5e26-8ef9-d947d205e0f9,Duale Hochschule Baden-Wuerttemberg Mannheim,DE,,http://www.dhbw-mannheim.de/,,
a0cad0a7-f781-5bea-8b1e-c2ea5f07a9a3,Duale Hochschule Baden-Württemberg,DE,,http://www.dhbw.de/,,
74e6181c-075c-50fd-a614-366c59669724,Duale Hochschule Baden-Württemberg Center for Advanced Studies (CAS),DE,,http://www.cas.dhbw.de/,,
7c45d538-b86e-55ca-9e4b-80deff117026,Duale Hochschule Baden-Württemberg Heidenheim,DE,,http://www.heidenheim.dhbw.de/,,
7fb8b93c-d6ac-59c7-a77c-1840bbcad555,Duale Hochschule Baden-Württemberg Heilbronn,DE,,http://www.heilbronn.dhbw.de/,,
13b03f0a-a586-5801-8250-e23da064f512,Duale Hochschule Baden-Württemberg Karlsruhe,DE,,http://www.dhbw-karlsruhe.de/,,
87093f4e-ade7-5521-a411-bf871b956faa,Duale Hochschule Baden-Württemberg Lörrach,DE,,http://www.dhbw-loerrach.de/,,
4db4bdc4-dece-58e0-bdc2-d7756657fd3f,Duale Hochschule Baden-Württemberg Mosbach,DE,,http://www.dhbw-mosbach.de/,,
064c8cbc-62bc-510f-ae20-1e6980b850ae,Duale Hochschule Baden-Württemberg Ravensburg,DE,,http://www.ravensburg.dhbw.de/,,
eda5c324-5bc2-5962-a679-6c04c0038e20,Duale Hochschule Baden-Württemberg Stuttgart,DE,,http://www.dhbw-stuttgart.de/,,
c28e63c7-c4d0-5915-888b-7f23239c579a,Duale Hochschule Baden-Württemberg Villingen-Schwenningen,DE,,http://www.dhbw-vs.de/,,
9f7f1869-c2ce-5511-9c4a-6d320866dcac,E.A.P. Europäische Wirtschaftshochschule Berlin,DE,,http://www.eap.net/,,
346d0e08-b121-570e-9ebe-15528c0ed26c,EBS Universität,DE,,https://www.ebs.edu/,,
1d85148b-b112-589e-a787-1d66e3c2d33d,Eberhard-Karls-Universität Tübingen,DE,,http://www.uni-tuebingen.de/,,
697076b5-84bf-571b-8670-887164a5aecf,Ernst-Moritz-Arndt Universität Greifswald,DE,,http://www.uni-greifswald.de/,,
b1dfdf81-81d9-5f6d-b4aa-09cadd6b59ee,Europa Fachhochschule Fresenius,DE,,http://www.fh-fresenius.de/,,
5f0f8964-12aa-5a5f-a06a-ee45679e8ae9,Europa-Universität Viadrina,DE,,https://www.europa-uni.de,,
ac41aa08-17a8-55b7-9586-e317dbaa7163,Europa-Universität Viadrina Frankfurt (Oder),DE,,http://www.euv-frankfurt-o.de/,,
3b47488d-25c9-5e34-9043-163adf7a5cba,European Business School Schloß Reichartshausen,DE,,http://www.ebs.de/,,
793e9244-12f2-54f9-9234-367e30bcdbec,European College of Liberal Arts,DE,,http://www.ecla.de/,,
0fbb87e1-2e89-50e8-9853-498f874657ac,European Management School,DE,,http://www.ems-mainz.de/,,
c3f72910-fb74-50bf-9ea8-b4f10b83e7e4,Europäische Betriebswirtschafts-Akademie,DE,,http://www.eba-muenchen.de/,,
dd327495-b9cf-59ab-a0e8-e429a0d900cc,Europäische Fachhochschule,DE,,http://www.eufh.de/,,
176b06c2-6432-5d44-bed7-a1f4d72b1227,"Evangelische Fachhochschule Berlin, Fachhochschule für Sozialarbeit und Sozialpädagogik",DE,,http://www.evfh-berlin.de/,,
c1462dc7-f5f3-5557-907d-4cd73cfbd756,Evangelische Fachhochschule Darmstadt,DE,,https://www.eh-darmstadt.de/,,
e2341403-b862-5474-97ba-1e25cc532b52,"Evangelische Fachhochschule Freiburg, Hochschule für Soziale Arbeit, Diakonie und Religionspädagogik",DE,,http://www.efh-freiburg.de/,,
c076b2e9-fb80-53a8-a243-223364776aba,Evangelische Fachhochschule Hannover,DE,,http://www.efh-hannover.de/,,
df7ec486-f39e-5f48-b29b-0afd6cf28eb9,Evangelische Fachhochschule Ludwigshafen Hochschule für Sozial- und Gesundheitswesen,DE,,http://www.efhlu.de/,,
37766c91-6917-5d60-affc-f09c53f821f5,Evangelische Fachhochschule Nürnberg,DE,,http://www.evfh-nuernberg.de/,,
a58ac640-dd75-5043-af58-dace9da9d45f,"Evangelische Fachhochschule Reutlingen-Ludwigsburg, Hochschule für Soziale Arbeit, Religionspädagogik und Diakonie",DE,,http://www.efh-reutlingen-ludwigsburg.de/,,
f9b13f3e-947e-590d-9b28-46ec7a185b48,Evangelische Fachhochschule Rheinland-Westfalen-Lippe,DE,,http://www.efh-bochum.de/,,
c26db3d6-3588-5269-87d8-a5ceda6d7973,"Evangelische Fachhochschule für Religionspädagogik, und Gemeindediakonie Moritzburg",DE,,http://www.fhs-moritzburg.de/,,
87c36c98-90b5-55e7-a6bf-fbcb3cbc8e1c,"Evangelische Fachhochschule für Sozialpädagogik der ""Diakonenanstalt des Rauhen Hauses"" Hamburg",DE,,http://www.rauheshaus.de/fachhochschule/,,
5569a084-9bb4-5f9c-bea0-cb5f462fd6e3,Evangelische Hochschule für Soziale Arbeit Dresden (FH),DE,,http://www.ehs-dresden.de/,,
c701cda6-51ae-5242-8a88-0e1b0fd462f4,Fachhochschule Aachen,DE,,http://www.fh-aachen.de/,,
f0bddc54-5993-526c-b4a6-f4387758a84d,Fachhochschule Aschaffenburg,DE,,http://www.fh-aschaffenburg.de/,,
4971c78c-b015-55e3-a8cc-703f39794ad4,"Fachhochschule Biberach, Hochschule für Bauwesen und Wirtschaft",DE,,http://www.fh-biberach.de/,,
331278e1-921e-500f-8c7a-5fc0c2dca4b8,Fachhochschule Bielefeld,DE,,http://www.fh-bielefeld.de/,,
828f383c-5d9b-5485-b3e5-0ee8debdae50,Fachhochschule Bingen,DE,,http://www.fh-bingen.de/,,
93d3838c-55b6-5355-a936-270e334e59a2,Fachhochschule Bochum,DE,,http://www.fh-bochum.de/,,
da29f005-0df1-5998-b5e0-3cd3f23e46a2,Fachhochschule Brandenburg,DE,,http://www.fh-brandenburg.de/,,
5676e534-94bc-59f5-938f-44a275ee3c47,Fachhochschule Dortmund,DE,,http://www.fh-dortmund.de/,,
234b6333-314b-54b6-9fd2-ba2e713f2267,Fachhochschule Eberswalde,DE,,http://www.fh-eberswalde.de/,,
b64953bf-2435-51b4-a450-826887f842d5,Fachhochschule Erfurt,DE,,http://www.fh-erfurt.de/,,
9d4afacf-533d-5344-a715-9e08757888e1,Fachhochschule Flensburg,DE,,http://www.fh-flensburg.de/,,
5cedec97-7538-537d-ba7e-6314225b1fd5,Fachhochschule Frankfurt am Main,DE,,http://www.fh-frankfurt.de/,,
95e8c49d-5c8d-5c7a-8c0b-310cfa22d2ab,"Fachhochschule Furtwangen, Hochschule für Technik und Wirtschaft",DE,,http://www.fh-furtwangen.de/,,
dff191a9-b414-5b72-a2b6-78ea823b6239,Fachhochschule Gelsenkirchen,DE,,http://www.fh-gelsenkirchen.de/,,
d8a8c615-49ab-5f25-9bb7-1685f355d523,Fachhochschule Gießen-Friedberg,DE,,http://www.fh-giessen.de/,,
093a8355-f188-54ef-b63a-44ce09c9528f,Fachhochschule Hamburg,DE,,http://www.fh-hamburg.de/,,
0624619a-7041-558d-bf3d-b2c5fecb7d14,Fachhochschule Hannover,DE,,http://www.fh-hannover.de/,,
ef5de515-3411-572b-ab66-7b843a1cea87,Fachhochschule Heidelberg,DE,,http://www.fh-heidelberg.de/,,
18c65e6d-33bb-5fd1-a5bc-a65cebee29ba,"Fachhochschule Heilbronn, Hochschule für Technik und Wirtschaft",DE,,http://www.fh-heilbronn.de/,,
36693223-9248-53bf-82be-b43e42ace060,"Fachhochschule Hildesheim/Holzminden/Göttingen, Hochschule für angewandte Wissenschaft und Kunst",DE,,http://www.fh-hildesheim.de/,,
f2362c26-36bf-5242-865e-699799698294,Fachhochschule Hof,DE,,http://www.fh-hof.de/,,
85105d66-77bb-51ba-a180-0bcc58e3cee4,Fachhochschule Jena,DE,,http://www.fh-jena.de/,,
e030d50f-1f01-5483-afc0-4bb3cf6b6031,Fachhochschule Kaiserslautern,DE,,http://www.fh-kl.de/,,
e6f5ee59-362a-51f7-8c69-0d1a3560f568,"Fachhochschule Karlsruhe, Hochschule für Technik",DE,,http://www.fh-karlsruhe.de/,,
b933d31c-fcc9-581f-86ff-68a0aedb2a55,"Fachhochschule Kempten, Hochschule für Technik und Wirtschaft",DE,,http://www.fh-Kempten.de/,,
26d3b4e4-f9a1-57ca-a1f9-5a797ab0a451,Fachhochschule Kiel,DE,,http://www.fh-kiel.de/,,
0918ab5b-ded8-5722-b053-de4e9032ab4b,Fachhochschule Koblenz,DE,,http://www.fh-koblenz.de/,,
182e6208-43ab-52db-b91e-ad11d3ec1180,"Fachhochschule Konstanz, Hochschule für Technik, Wirtschaft und Gestaltung",DE,,http://www.fh-konstanz.de/,,
76486c8d-01d7-5156-8ffb-bd7cb8f50b17,"Fachhochschule Landshut, Hochschule für Wirtschaft - Sozialwesen - Technik",DE,,http://www.fh-landshut.de/,,
3ed7bf6b-e14b-57c1-b23e-e1f09e1e166f,Fachhochschule Lausitz,DE,,http://www.fh-lausitz.de/,,
cd6584d3-5ac2-5af0-b14f-04a83ef970ee,Fachhochschule Lippe,DE,,http://www.fh-lippe.de/,,
c980d8cf-5d7b-5e93-999c-25e0988593ae,"Fachhochschule Ludwigshafen, Hochschule für Wirtschaft",DE,,http://www.fh-ludwigshafen.de/,,
05b7c4bc-85dd-5642-8ffe-6d3210d5a117,Fachhochschule Lübeck,DE,,http://www.fh-luebeck.de/,,
607924fd-1488-51c6-a829-3af47494dde4,Fachhochschule Mainz,DE,,http://www.fh-mainz.de/,,
b6e01d45-e0fb-5942-a82b-87cdfd500eea,"Fachhochschule Mannheim, Hochschule für Sozialwesen",DE,,http://www.fhs-mannheim.de/,,
1ecb0260-f664-51c4-833b-37bf2fa99b35,"Fachhochschule Mannheim, Hochschule für Technik und Gestaltung",DE,,http://www.fh-mannheim.de/,,
1d206428-0627-5e7d-a282-09b012f525ae,Fachhochschule Merseburg,DE,,http://www.fh-merseburg.de/,,
d4f751ed-6fd5-5cb8-96e8-6e932abb582e,Fachhochschule München,DE,,http://www.fh-muenchen.de/,,
949b2415-9e2b-58ae-9c4e-c26b46920dc5,Fachhochschule Münster,DE,,http://www.fh-muenster.de/,,
228f3899-56f2-5ac8-8099-e923f9cda1da,Fachhochschule Neubrandenburg,DE,,http://www.fh-nb.de/,,
b3323d12-daf1-5a3a-85b7-d8af84bbee56,Fachhochschule Niederrhein,DE,,http://www.fh-niederrhein.de/,,
79445fbb-29db-5562-a302-65b4845d1f31,Fachhochschule Nordhausen,DE,,http://www.fh-nordhausen.de/,,
84824166-b0b1-5ada-b56c-5c3a4f94028e,Fachhochschule Nordostniedersachsen,DE,,http://www.fhnon.de/,,
08b50ea2-34c5-5d16-a823-7e519bdfb3a1,"Fachhochschule Nürtingen, Hochschule für Wirtschaft, Landwirtschaft und Landespflege",DE,,http://www.fh-nuertingen.de/,,
4fe65035-01e0-5b79-aa79-f264dc0354d4,"Fachhochschule Offenburg, Hochschule für Technik und Wirtschaft",DE,,http://www.fh-offenburg.de/,,
078d5098-86d4-57ae-b8ef-1c23cb11abe0,Fachhochschule Oldenburg/Ostfriesland/Wilhelmshaven,DE,,http://www.fh-oow.de/,,
6ecbaca9-0cb3-5ccc-b88d-742e541e7c3b,Fachhochschule Osnabrück,DE,,http://www.fh-osnabrueck.de/,,
4ad45cd6-7a94-5412-ac13-1a7fc6a525c9,"Fachhochschule Pforzheim, Hochschule für Gestaltung, Technik und Wirtschaft",DE,,http://www.fh-pforzheim.de/,,
027aeae1-9689-5252-b3fb-141eb85f3ca8,Fachhochschule Potsdam,DE,,http://www.fh-potsdam.de/,,
fa108d25-774e-5951-b8e4-f3651b5d70c6,Fachhochschule Ravensburg-Weingarten,DE,,http://www.fh-weingarten.de/,,
7b9ca8d3-1fce-56e1-922f-84ca5f53ca14,Fachhochschule Regensburg,DE,,http://www.fh-regensburg.de/,,
f2f2eb58-2a8f-5cd6-9c1e-71b417eb1206,"Fachhochschule Reutlingen, Hochschule für Technik und Wirtschaft",DE,,http://www.fh-reutlingen.de/,,
5e7c7ea5-82b5-5667-a877-0c9a5e914c62,"Fachhochschule Rosenheim, Hochschule für Technik und Wirtschaft",DE,,http://www.fh-rosenheim.de/,,
5d2b72c6-690f-531b-a85f-1778c6bc20c3,"Fachhochschule Rottenburg, Hochschule für Forstwirtschaft",DE,,http://www.fh-rottenburg.de/,,
7e239e36-1044-5d24-90de-c7687f7d768c,Fachhochschule Schmalkalden,DE,,http://www.fh-schmalkalden.de/,,
3f39f36c-fd73-5ec7-8a8f-0267e0d585f4,"Fachhochschule Schwäbisch Gmünd, Hochschule für Gestaltung",DE,,http://www.hfg-gmuend.de/,,
ddcf936a-8d8e-522b-9dd2-ebaec9488848,"Fachhochschule Schwäbisch Hall, Hochschule für Gestaltung",DE,,http://www.fh-schwaebischhall.de/,,
8acd6eca-35ed-5223-99cf-c5726324e003,Fachhochschule Stralsund,DE,,http://www.fh-stralsund.de/,,
fd131cb6-516e-588a-afa5-22efcbf62d1f,"Fachhochschule Stuttgart, Hochschule der Medien",DE,,http://www.hdm-stuttgart.de/,,
9f0f953c-f800-5af7-9104-b6be4ac0384a,"Fachhochschule Stuttgart, Hochschule für Technik",DE,,http://www.fht-stuttgart.de/,,
777aa155-bbab-58f8-b99d-c497ee8d10c8,"Fachhochschule Trier, Hochschule für Technik, Wirtschaft und Gestaltung",DE,,http://www.fh-trier.de/,,
e92b858a-64f9-5656-9b0c-d3e2fc39d625,Fachhochschule Wedel,DE,,http://www.fh-wedel.de/,,
a548d064-7cac-57c3-9d76-89b6eab9a1cd,Fachhochschule Weihenstephan,DE,,http://www.fh-weihenstephan.de/,,
4e56ac7e-15ff-56f9-853a-f55fe15d608b,"Fachhochschule Westküste, Hochschule für Wirtschaft und Technik",DE,,http://www.fh-westkueste.de/,,
e06447c8-92c3-55d4-af0f-cf1283b12727,Fachhochschule Wiesbaden,DE,,http://www.fh-wiesbaden.de/,,
ed56d160-8c3e-5ccf-9958-839adc039580,Fachhochschule Worms,DE,,http://www.fh-worms.de/,,
41eb9f27-55e9-5672-bed3-efb330c30d8f,Fachhochschule Würzburg - Schweinfurt,DE,,http://www.fh-wuerzburg.de/,,
a468803c-8f21-54f5-ae18-56fd032f8f4d,Fachhochschule der Wirtschaft,DE,,http://www.fhdw.de/,,
e5c056e8-762a-50fe-ac5e-fa478f177d9d,Fachhochschule des Mittelstandes (FHM),DE,,http://www.fhm-mittelstand.de/,,
4e099aca-3d8c-53d3-8ed8-2312c3599bf9,Fachhochschule für Oekonomie und Management (FOM),DE,,http://www.fom.de/,,
99d6401d-0581-5786-b963-fddd38d8881e,Fachhochschule für Verwaltung und Rechtspflege Berlin,DE,,http://www.fhvr.berlin.de/,,
2f2407d9-d97d-5d4c-9041-e2fbe3fba6b8,Fachhochschule für Wirtschaft Berlin,DE,,http://www.fhw-berlin.de/,,
44d41d38-d48f-53f4-b45b-d42ad396b386,Fachhochschule für das öffentliche Bibliothekswesen Bonn,DE,,http://www.fhoebb.de/,,
e8d49543-d37a-50e0-b675-ff86127373f2,Fachhochschule für die Wirtschaft,DE,,http://www.fhdw.bib.de/,,
937414e0-0a17-50ad-9bfb-04b11b46301c,"Fachhochschule und Berufskollegs NTA, Prof.Dr. Grübler gemein. GmbH",DE,,http://www.fh-isny.de/,,
9d048f82-0c58-52a0-8946-9baf57bf70ff,Fern-Fachhochschule Hamburg,DE,,http://www.fern-fh.de/,,
8a756e77-dbe0-5917-91f6-cacdeae39a2d,Fernuniversität Gesamthochschule Hagen,DE,,http://www.fernuni-hagen.de/,,
05161446-e3ec-55ea-a5da-682776cbe89f,Frankfurt School of Finance & Management,DE,,https://www.frankfurt-school.de/,,
f42cf978-5c1d-5038-806d-27eb44c38723,Freie Kunst-Studienstätte Ottersberg,DE,,http://www.fh-ottersberg.de/,,
5a053cf7-794b-5dbe-9b3a-4a24c28a1f6b,Freie Universität Berlin,DE,,http://www.fu-berlin.de/,,
853b9d45-cc0b-5c08-b08f-4d99a8ffe0e6,Friedrich-Alexander Universität Erlangen-Nürnberg,DE,,https://www.fau.de/,,
c65035bb-72a2-5eea-bb2d-abd673bff2f3,Friedrich-Schiller Universität Jena,DE,,http://www.uni-jena.de/,,
319489b8-c83d-5382-93a6-df4929d0364b,Georg-August Universität Göttingen,DE,,http://www.uni-goettingen.de/,,
b24273af-e4cd-56b4-a0dc-530ad946e4c0,Georg-Simon-Ohm-Fachhochschule Nürnberg,DE,,http://www.fh-nuernberg.de/,,
844a32ac-b875-530b-a7b5-e8a59ce1817b,Gustav-Siewerth-Akademie,DE,,http://www.siewerth-akademie.de/,,
11838a87-ad00-53c0-ae15-196e9499a2ec,HWP - Hamburger Universität für Wirtschaft und Politik,DE,,http://www.hwp-hamburg.de/,,
1d3c4a08-e20a-560f-a6ae-67214da915a4,Hafencity Universität Hamburg,DE,,http://www.hcu-hamburg.de/,,
01bcbd0a-8927-53ca-90e9-c20a7b9d8a1c,Hamburg University of Applied Sciences (HAW Hamburg),DE,,https://haw-hamburg.de,,
4d9cc5fd-3c0d-5828-b880-b56abfe7796d,Handelshochschule Leipzig,DE,,http://www.hhl.de/,,
6ea08f84-d7c0-5b48-aae3-3969e926082c,Heinrich-Heine Universität Düsseldorf,DE,,http://www.uni-duesseldorf.de/,,
6cb35844-7580-5186-aa68-6f4d3872a1c6,Hertie School of Governance,DE,,http://www.hertie-school.org/,,
d2e9c07c-32c6-5bb0-bc4e-6370abe28020,Hochschule Albstadt-Sigmaringen,DE,,http://www.hs-albsig.de/,,
003b5dc3-86ec-54e7-a725-f08b0224e18b,"Hochschule Anhalt (FH), Hochschule für angewandte Wissenschaften",DE,,http://www.hs-anhalt.de/,,
767eb650-9744-53c2-b742-933ea4251532,Hochschule Bonn-Rhein-Sieg,DE,,http://www.hochschule-bonn-rhein-sieg.de/,,
6f758afe-c918-577b-bc12-f8d9a2ccfc3f,Hochschule Bremen,DE,,http://www.hs-bremen.de/,,
2f79c46f-0698-5bd1-a377-2f0c72062d0b,Hochschule Bremerhaven,DE,,http://www.hs-bremerhaven.de/,,
56a2a34d-80b1-52cc-8a04-77de0f42c0e5,Hochschule Coburg,DE,,http://www.hs-coburg.de/,,
40106b94-f44b-5108-be62-6b9062c7c0b7,Hochschule Darmstadt,DE,,https://www.h-da.de/,,
0503fd93-ece8-56f6-8514-e036e1d84f90,Hochschule Düsseldorf,DE,,http://www.hs-duesseldorf.de/,,
ccfa431c-8d57-5600-ba77-0fa9e5aa7af0,Hochschule Esslingen,DE,,http://www.hs-esslingen.de/,,
f42a6b21-abdc-53a5-8a19-5a1bc992d7f9,Hochschule Fulda,DE,,http://www.hs-fulda.de/,,
aabf8e4b-0e28-5291-b778-89d3bcc42055,Hochschule Hannover,DE,,https://www.hs-hannover.de/,,
a13c1b2a-4824-560a-a536-f5ffe1ab9b48,"Hochschule Harz, Hochschule für angewandte Wissenschaften (FH)",DE,,http://www.hs-harz.de/,,
ff02f7b9-cdff-5736-8606-cf9299ce2c04,Hochschule Magdeburg-Stendal (FH),DE,,http://www.hs-magdeburg.de/,,
ae38c5fa-82ea-58d0-8f1c-999a39ed16d6,"Hochschule Mittweida, University of Applied Sciences",DE,,http://www.htwm.de/,,
8f3c2741-4b99-5219-89ac-d5695ad21f46,Hochschule München,DE,,http://www.hm.edu/,,
32a45620-b9ce-51ab-a0c7-31d299cd0b52,"Hochschule Neu-Ulm, Hochschule Neu-Ulm University of applied sciences",DE,,http://www.hs-neu-ulm.de/,,
8609ca6d-3154-51dd-a666-2c08fdb29c06,Hochschule RheinMain,DE,,https://www.hs-rm.de/,,
9c6adbaa-1f4d-5453-9811-da059531ffa6,"Hochschule Ulm, Hochschule für Angewandte Wissenschaft",DE,,http://www.hs-ulm.de/,,
6cdcf282-d51c-544e-9956-ea96bb1c5879,Hochschule Vechta,DE,,http://www.uni-vechta.de/,,
1f83c93b-99cf-5238-9373-2e7734a84c14,"Hochschule Wismar, Fachhochschule für Technik, Wirtschaft und Gestaltung",DE,,http://www.hs-wismar.de/,,
d7dd43c1-e99b-59e5-b108-677047bea2a4,Hochschule Zittau/Görlitz (FH),DE,,http://www.hs-zigr.de/,,
b7eeb685-d7fb-5a65-905c-33d2b67a4dec,"Hochschule für Bankwirtschaft (HfB), Private Fachhochschule der Bankakademie",DE,,http://www.hfb.de/,,
210512ee-7908-5928-978b-944fa232ea10,Hochschule für Fernsehen und Film München,DE,,https://www.hff-muenchen.de/,,
e6edeb6b-ac11-5ad5-81e6-9bfd3431d3c4,Hochschule für Internationales Management,DE,,http://www.himh.de/,,
082986ec-2231-5cb3-9f7b-34acf15f6427,Hochschule für Jüdische Studien Heidelberg,DE,,http://www.hjs.uni-heidelberg.de/,,
c55fe509-79e9-574d-aa63-ad4cd6fd7555,Hochschule für Künste Bremen,DE,,https://www.hfk-bremen.de/,,
2969d178-bac4-58af-ad33-4ab009ba081f,Hochschule für Musik Carl Maria von Weber,DE,,https://www.hfmdd.de/,,
9d7fb8e1-5a22-5621-abdf-7d0100a04c8e,Hochschule für Musik Detmold,DE,,https://www.hfm-detmold.de/,,
e0c64dac-797a-52cc-a12e-04b6cfef5985,Hochschule für Musik und Darstellende Kunst Stuttgart,DE,,https://www.hmdk-stuttgart.de/,,
3889018d-ba43-520c-8914-89d0f35cbe65,Hochschule für Musik und Tanz Köln,DE,,https://www.hfmt-koeln.de/,,
fb15eec7-9139-5d24-b32e-a2e514583a0a,Hochschule für Musik und Theater München,DE,,https://website.musikhochschule-muenchen.de/,,
d8168970-77c5-58a3-b093-1ceb840b40e4,Hochschule für Musik und Theater „Felix Mendelssohn Bartholdy“ Leipzig,DE,,https://www.hmt-leipzig.de/,,
00125b68-35ef-522b-8e04-b8827b8e06ea,"Hochschule für Musik, Theater und Medien Hannover",DE,,https://www.hmtm-hannover.de,,
501c1e39-fb4d-500a-9156-2e9b4570f0c2,Hochschule für Philosophie München,DE,,http://www.hfph.mwn.de/,,
d8568da1-f4d9-536b-b4f9-fc07739926fe,Hochschule für Politik (HFP),DE,,http://www.hfp.mhn.de/,,
2f6b3b68-9f68-5c20-b576-75aa11c04151,Hochschule für Technik und Wirtschaft Berlin,DE,,https://www.htw-berlin.de/,,
9fb8bf0c-889f-538a-a659-d315b70f8126,Hochschule für Technik und Wirtschaft Dresden (FH),DE,,http://www.htw-dresden.de/,,
63a0ff01-2a7a-5f02-8265-0d6b2a5a4c13,Hochschule für Technik und Wirtschaft des Saarlandes,DE,,http://www.htw-saarland.de/,,
022543cc-c9d1-5214-825b-538bfd14ecc8,"Hochschule für Technik, Wirtschaft und Kultur Leipzig (FH)",DE,,http://www.htwk-leipzig.de/,,
99706b33-8c5d-52bc-91a4-f784fa62ab0f,Hochschule für Wirtschaft und Gesellschaft Ludwigshafen,DE,,https://www.hwg-lu.de,,
f4029783-8da5-5031-9b5b-20736c48a206,Humboldt Universität Berlin,DE,,http://www.hu-berlin.de/,,
f0044e1b-4bd6-50ce-8511-e48b25aecec1,IST-Hochschule fur Management,DE,,https://www.ist-hochschule.de/,,
660615d6-3845-5047-afba-cbd9b7e3dbf0,IU Internationale Hochschule GmbH,DE,,https://www.iu-fernstudium.de/,,
3a52ceb7-adf9-5830-b06c-b503be747439,International School of Management ISM Dortmund,DE,,http://www.ism-dortmund.de/,,
6f6f940e-0050-583c-9f61-6dd273187e5c,"International School of New Media, University of Lübeck",DE,,http://www.isnm.de/,,
d5e3823a-2a1b-5fc1-a235-e38ec6165f22,International University in Germany,DE,,http://www.i-u.de/,,
f5cf6444-a049-5862-a970-314bb7f3e87e,Internationale Fachhochschule Aalen,DE,,http://www.international.fh-aalen.de/,,
058c74ae-39c1-55a6-b364-24cded5000a0,Internationale Fachhochschule Bad Honnef,DE,,http://www.fh-bad-honnef.de/,,
944dd25d-1bf4-57ae-9d28-8653e4f43dd8,Internationales Hochschulinstitut Zittau,DE,,http://www.ihi-zittau.de/,,
6287054d-92ff-5811-8755-e5a54e6615ff,Jacobs University Bremen,DE,,http://www.jacobs-university.de/,,
3ea2660e-c560-513f-8bd9-addca7726b9c,Johann Wolfgang Goethe Universität Frankfurt am Main,DE,,http://www.uni-frankfurt.de/,,
2004356b-7e51-5acf-a159-1e03ccd6aac9,Johannes-Gutenberg Universität Mainz,DE,,http://www.uni-mainz.de/,,
9685a4f1-0b14-5733-b9d9-0a04f1e69fff,Justus Liebig Universität Gießen,DE,,http://www.uni-giessen.de/,,
a8850c4d-da27-579b-b98b-2c6f2311018e,Karl-Schiller-Berufskolleg (KSBK),DE,,http://www.ksbk-do.de/,,
4d1f2188-bbe6-50bc-8c36-303387151763,Karlshochschule International University,DE,,http://www.karlshochschule.de/,,
7a6eadab-b5c1-53a8-b65d-35e7ef00b405,Karlsruher Institut für Technologie,DE,,http://www.kit.edu/,,
d340a65e-baa2-5c00-8f6e-1672c2fb2f23,Katholische Fachhochschule Berlin (KFB),DE,,http://www.kfb-berlin.de/,,
d6998435-619e-511e-998c-e577211937cf,"Katholische Fachhochschule Freiburg, Hochschule für Sozialwesen, Religionspädagogik und Pflege",DE,,http://www.kfh-Freiburg.de/,,
cfbf3a3a-752d-5d8f-a7de-0e8191bb4f7a,Katholische Fachhochschule Mainz,DE,,http://www.kfh-mainz.de/,,
c8eb6b51-2f00-503b-a00b-9e912eebcc38,Katholische Fachhochschule Norddeutschland,DE,,http://www.kath-fh-nord.de/,,
0ec6a6ce-3005-54c3-8e1d-0c09dfb08a73,Katholische Fachhochschule Nordrhein-Westfalen,DE,,http://www.kfhnw.de/,,
f13030d8-2df4-5231-aee6-c1ff32d07b0f,Katholische Hochschule für Soziale Arbeit Saarbrücken,DE,,http://www.khsa.de/,,
13c9a425-17da-5293-8133-84bc71d22f89,Katholische Stiftungsfachhochschule München,DE,,http://www.ksfh.de/,,
009bfd9a-4578-54a7-8645-997beb8d7d3b,Katholische Universität Eichstätt,DE,,http://www.ku-eichstaett.de/,,
96ef6e49-3f7a-5158-a4d5-9ed647d6b789,Kirchliche Hochschule Bethel,DE,,http://www.bethel.de/kiho/,,
9dc190f7-3548-5ebe-8b8d-c9b80359c131,Kunstakademie Düsseldorf.,DE,,http://www.kunstakademie-duesseldorf.de/,,
9baa5740-5484-5102-b88b-e81af5511b4d,"Kunsthochschule Berlin-Weissensee, Hochschule für Gestaltung",DE,,http://www.kh-berlin.de/,,
260332b8-eae5-5a2d-a436-6ec1ef26737f,Leuphana Universität Lüneburg,DE,,https://www.leuphana.de,,
5a1bc95e-c2c5-5b28-b5a7-1b505da8a89c,Ludwig-Maximilians-Universität München,DE,,http://www.lmu.de/,,
48d5017a-99b3-5b4e-8cfd-9bc00b920c64,Lutherische Theologische Hochschule Oberursel,DE,,http://www.selk.de/LThH/,,
7649f1a3-bd0d-5202-af70-cec643c5cc2b,Martin-Luther Universität Halle-Wittenberg,DE,,http://www.uni-halle.de/,,
e969c192-e410-590d-b2a2-de29565733b3,Medizinische Hochschule Hannover,DE,,http://www.mh-hannover.de/,,
6ca8a02b-b009-5af3-9b3d-7735c1223002,Medizinische Universität Lübeck,DE,,http://www.mu-luebeck.de/,,
8a324ff6-2b29-5163-9a3c-a82cffbb8f1f,Merkur Internationale FH Karlsruhe,DE,,http://www.merkur-fh.org/,,
d3536bce-d6b4-56d4-9b7e-a871800117b3,"Merz Akademie, Hochschule für Gestaltung Stuttgart",DE,,http://www.merz-akademie.de/,,
6be931ed-9fe9-5f11-8ce6-c9061b126b5f,Musikhochschule Lübeck,DE,,https://www.mh-luebeck.de/,,
0d2b1ab7-3e91-5875-aea0-b11f4f4c190b,"Muthesius-Hochschule, Fachhochschule für Kunst und Gestaltung",DE,,http://www.muthesius.de/,,
f05f5091-06d7-5d3b-8bb2-808b4176f567,Märkische Fachhochschule Iserlohn,DE,,http://www.mfh-iserlohn.de/,,
39806c06-987f-53e6-81d6-0fc53653c0aa,"Nordakademie, Staatlich anerkannte private Fachhochschule mit dualen Studiengängen",DE,,http://www.nordakademie.de/,,
ae0cebb8-24d4-5f2e-a34e-a3d255a1e0f9,Ostbayerische Technische Hochschule Amberg-Weiden,DE,,https://www.oth-aw.de/,,
36006ad6-c0f6-5065-89ce-77786891fed3,Ostfalia Hochschule für angewandte Wissenschaften,DE,,https://www.ostfalia.de/,,
6186c8f7-d4ba-57e3-85cf-729385fa0a32,Otto-Friedrich Universität Bamberg,DE,,http://www.uni-bamberg.de/,,
c2a11686-6c88-54e9-b05a-b8948fdef1c6,Otto-von-Guericke Universität Magdeburg,DE,,http://www.uni-magdeburg.de/,,
90ce42e2-2b15-563a-8559-d09092967ff8,Phillips-Universität Marburg,DE,,http://www.uni-marburg.de/,,
9b54f1ac-c8bc-5ae1-90f6-fbfdf9a63f36,Philosophisch-Theologische Hochschule Münster,DE,,http://www.pth-muenster.de/,,
625c4566-d500-5656-af12-090f2c69d692,Philosophisch-Theologische Hochschule SVD Sankt Augustin,DE,,http://www.philtheol-augustin.de/,,
8bcd6dcc-00d4-5496-9de8-6d220b4e3e60,Philosophisch-Theologische Hochschule Sankt Georgen,DE,,http://www.st-georgen.uni-frankfurt.de/,,
45bc2095-db74-5c6c-8521-79c2650adcf6,Philosophisch-Theologische Hochschule Vallendar der Gesellschaft des Katholischen Apostolates (Pallottiner),DE,,http://www.pthv.de/,,
6542f8dd-e7e5-52d4-a95e-cb4e81e03c55,Philosophisch-Theologische Hochschule der Salesianer Don Boscos,DE,,http://www.pth-bb.de/,,
94698b8b-00e8-5fc7-be7e-8413634e18c8,Popakademie Baden-Württemberg,DE,,http://www.popakademie.de/,,
14005c4d-6352-5574-942a-2859d992e3e3,Private Fachhochschule Göttingen,DE,,http://www.pfh-goettingen.de/,,
e37d9db4-1d6d-5b2a-8e80-8a1e3a6caa1e,Private Fachhochschule für Wirtschaft und Technik Vechta/Diepholz,DE,,http://www.fhwt.de/,,
c2eb9b25-f4a1-55aa-b5d3-a461ecb77250,Private FernFachhochschule Darmstadt,DE,,http://www.privatfh-da.de/,,
bb127587-68e6-54e0-8e23-71b09aceae52,Private Hanseuniversität,DE,,http://www.hanseuni.de/,,
3a19d642-58d0-5bb6-a5a2-a576b10d0aa2,Private Universität Witten/Herdecke,DE,,http://www.uni-wh.de/,,
f4532a1f-dde7-5d8f-a5ec-2abffe4ae295,Pädagogische Hochschule Erfurt/Mühlhausen,DE,,http://www.ph-erfurt.de/,,
7d80aa21-1af1-5c82-9619-ede9626c9e57,Pädagogische Hochschule Freiburg,DE,,http://www.ph-freiburg.de/,,
fc8f5269-1fd0-5d50-91cd-d8d8d82801ea,Pädagogische Hochschule Heidelberg,DE,,http://www.ph-heidelberg.de/,,
7ffa6f77-ada7-5027-92af-962e1ca3fc88,Pädagogische Hochschule Karlsruhe,DE,,http://www.ph-karlsruhe.de/,,
72e78410-3d22-56c1-9335-ced962ffb091,Pädagogische Hochschule Ludwigsburg,DE,,http://www.ph-ludwigsburg.de/,,
85bcdeb4-c5c8-52f1-8a5e-bcdf9a104714,Pädagogische Hochschule Schwäbisch Gmünd,DE,,http://www.ph-gmuend.de/,,
4b27e246-2170-52e4-809e-51ce68117e18,Pädagogische Hochschule Weingarten,DE,,http://www.ph-weingarten.de/,,
8e742da3-db79-5b32-a7c9-9a5e5f89f953,Rheinisch Westfälische Technische Hochschule Aachen,DE,,http://www.rwth-aachen.de/,,
7768de3f-db85-58ee-8f4c-204d5c1b2aa6,Rheinische Fachhochschule Köln,DE,,http://www.rfh-koeln.de/,,
2a5cc78c-69da-5c7f-b160-f65908af2a64,Rheinische Friedrich-Wilhelms Universität Bonn,DE,,http://www.uni-bonn.de/,,
dea8e8cd-37cd-5061-ac10-16f93f755046,Rosenheim University of Applied Sciences,DE,,https://th-rosenheim.de,,
f38975ba-ba6f-5ff2-846c-ab2904f56db1,Ruhr-Universität Bochum,DE,,http://www.ruhr-uni-bochum.de/,,
d6de4d68-5926-598a-b6b6-5dda8c442a90,Ruprecht-Karls-Universität Heidelberg,DE,,http://www.uni-heidelberg.de/,,
02ac2b43-f1d4-5fb7-9f7f-b29e207bd424,SRH University of Applied Sciences,DE,,http://www.srh-berlin.de/,,
1fabe033-3d3b-50d5-aca5-dc890b4dc4ec,"Schiller International University, Heidelberg",DE,,http://www.siu-heidelberg.de/,,
eb027cf8-23cb-5f92-9b22-ac617d424d77,Staatlich anerkannte Fachhochschule für Kunsttherapie,DE,,http://www.fhkt.de/,,
85106512-f140-5117-b3a3-ec8b15c852e7,Staatliche Hochschule für Musik,DE,,http://www.mh-trossingen.de/,,
8d1472d3-3267-552e-9f60-356c066185f4,Staatliche Studienakademie Bautzen,DE,,https://www.ba-bautzen.de/,,
e43839f6-a02c-5a28-b17a-656dcba4887a,Steinbeis-Hochschule-Berlin,DE,,http://www.stw.de/shb/,,
fb1e92f5-0ab4-56f4-8846-63a2b05a9cc3,Technical University of Applied Sciences Augsburg,DE,,https://www.tha.de/,,
893ceda2-909b-53fa-92d2-cc509ec497e3,Technische Fachhochschule Berlin,DE,,http://www.tfh-berlin.de/,,
e72faefa-93b9-598f-9906-1fbec4069c31,"Technische Fachhochschule Georg Agricola für Rohstoff, Energie und, Umwelt zu Bochum",DE,,http://www.tfh-bochum.de/,,
579296fd-c1cb-576a-8aff-328287a12ba5,Technische Fachhochschule Wildau,DE,,http://www.tfh-wildau.de/,,
8a1b9695-6e73-53dd-a33c-4919d95a9686,Technische Hochschule Brandenburg,DE,,http://www.th-brandenburg.de/,,
70ec62c6-f090-5540-a8e3-d05c3a76778f,Technische Hochschule Deggendorf,DE,,http://www.th-deg.de/,,
78508948-c66e-5dae-a092-4fbcbe33ff0e,Technische Hochschule Ingolstadt,DE,,https://www.thi.de/,,
0068a6fd-cd16-5c5c-bebd-9d1c36b6382c,Technische Hochschule Köln,DE,,https://www.th-koeln.de/,,
c54601ae-7f9a-5f9c-9e3e-38912e319f8a,Technische Hochschule Mittelhessen,DE,,https://www.thm.de,,
ecf8147d-e2f0-50ca-ab45-a70d50313bc2,Technische Hochschule Ulm,DE,,https://www.thu.de/,,
3f4953e5-4d0a-59e1-b933-14241d0ff9ea,Technische Universität Bergakademie Freiberg,DE,,http://www.tu-freiberg.de/,,
0a68e222-d178-577e-9b6c-1239775f92fa,Technische Universität Berlin,DE,,http://www.tu-berlin.de/,,
bb7bb0d2-79e2-5e44-9ac5-2050f3bb4310,Technische Universität Carolo-Wilhelmina zu Braunschweig,DE,,https://www.tu-braunschweig.de/,,
ff607b42-3374-5775-9dc9-19e524fe9810,Technische Universität Chemnitz,DE,,http://www.tu-chemnitz.de/,,
50b77bef-4cde-5218-b32d-0701d62ac0cc,Technische Universität Clausthal,DE,,http://www.tu-clausthal.de/,,
d7c03cce-2cb0-5990-9a96-1c51d6d80c9e,Technische Universität Darmstadt,DE,,https://www.tu-darmstadt.de/,,
735f928b-e5f0-56ef-8c99-aace97ae7282,Technische Universität Dortmund,DE,,http://www.tu-dortmund.de/,,
9c2fe01a-fb14-59e1-9749-57674f106e27,Technische Universität Dresden,DE,,http://www.tu-dresden.de/,,
e3c3c9e5-db01-5354-8163-e048ec1857a9,Technische Universität Hamburg,DE,,http://www.tuhh.de/,,
34a0361e-0412-59cb-afee-165d05fca5e3,Technische Universität Ilmenau,DE,,http://www.tu-ilmenau.de/,,
87d30f47-f8cc-5417-99a4-56b9de79dca4,Technische Universität München,DE,,http://www.tum.de/,,
9381b8f0-f6c1-5680-ad10-b29cbc32a57d,Theologische Fakultät Paderborn,DE,,http://www.paderborn.de/theofak/,,
01c14fd8-9080-58c7-8a16-a02c7b420f46,Theologische Hochschule Friedensau,DE,,http://www.thh-friedensau.de/,,
c8fe8675-8af5-5791-adf2-01c116923188,Tierärztliche Hochschule Hannover,DE,,http://www.tiho-hannover.de/,,
b9ae9a79-28d4-5d8b-bd30-c1ba60df5d19,Universität Augsburg,DE,,http://www.uni-augsburg.de/,,
30128169-f6c5-5c14-ae36-25f2c612d99e,Universität Bayreuth,DE,,http://www.uni-bayreuth.de/,,
5eb11d53-776f-54c7-9223-b56cb2fd0d7b,Universität Bielefeld,DE,,http://www.uni-bielefeld.de/,,
ec175419-9439-5f4c-9a9f-f1ec89e94dcb,Universität Bremen,DE,,http://www.uni-bremen.de/,,
0438a36a-f76f-598c-a0e7-c5d9aa1304c0,Universität Duisburg-Essen,DE,,http://www.uni-duisburg-essen.de/,,
bd0f7281-4c6b-57cc-a39b-7f2faabea504,Universität Erfurt,DE,,http://www.uni-erfurt.de/,,
dffe397e-50cd-51d0-b89a-316742d56dc5,Universität Flensburg,DE,,http://www.uni-flensburg.de/,,
2b4a2dc8-6e89-5f65-bc56-3a18657cdb6a,Universität Hamburg,DE,,http://www.uni-hamburg.de/,,
8ea91e43-9e42-5424-9d2b-c7561bcf23db,Universität Hannover,DE,,http://www.uni-hannover.de/,,
b45c834a-9ca4-5d8b-ae0f-dfab95bc34e1,Universität Hildesheim,DE,,http://www.uni-hildesheim.de/,,
7b25790d-65dd-5ada-ba0e-7fe19ba13d7a,Universität Hohenheim,DE,,http://www.uni-hohenheim.de/,,
4783808e-e8fc-522c-b49c-ef2ce83c61a7,Universität Kaiserslautern,DE,,http://www.uni-kl.de/,,
44ffe5db-e736-561b-b51a-0e73ec5ee87d,Universität Kassel,DE,,http://www.uni-kassel.de/,,
9245ac71-08e1-5fb0-a6ea-d4c8d79d3a2a,Universität Koblenz-Landau,DE,,http://www.uni-koblenz-landau.de/,,
817849cc-f03d-5f42-8e9f-f6eb79fa2eb3,Universität Konstanz,DE,,http://www.uni-konstanz.de/,,
e2ffcf94-7e88-5245-917b-f64f9f6b5f1b,Universität Köln,DE,,http://www.uni-koeln.de/,,
8e833907-2a01-538c-9a03-dcf8781c4db3,Universität Leipzig,DE,,http://www.uni-leipzig.de/,,
6ae917d6-a78e-54f1-938c-4308a1243ad6,Universität Lüneburg,DE,,http://www.uni-lueneburg.de/,,
235ecf48-0f49-5cbb-9237-6dc7e9125d02,Universität Mannheim,DE,,http://www.uni-mannheim.de/,,
aa3ba31b-1103-5df2-a475-0bd07ed1dd79,Universität Osnabrück,DE,,http://www.uni-osnabrueck.de/,,
e69b6aee-9ecd-5983-a13d-b04ab3fb3e10,Universität Paderborn,DE,,http://www.uni-paderborn.de/,,
29ad5cae-7e82-5c73-a850-31600a498ea9,Universität Passau,DE,,http://www.uni-passau.de/,,
c01ed116-a08e-5ee9-86e0-656ad3eafaf2,Universität Potsdam,DE,,http://www.uni-potsdam.de/,,
51e3bd8c-d6a8-5eeb-9644-f9aaa5304e49,Universität Regensburg,DE,,http://www.uni-regensburg.de/,,
5f9146f7-bf12-5f27-97db-666afbee301f,Universität Rostock,DE,,http://www.uni-rostock.de/,,
64950e03-c910-5b5c-8d4d-2911ae3f36ba,Universität Siegen,DE,,http://www.uni-siegen.de/,,
027403b8-e9bd-5145-a4e2-3d595b059895,Universität Stuttgart,DE,,http://www.uni-stuttgart.de/,,
fa138131-8740-576c-95c3-abf485955633,Universität Trier,DE,,http://www.uni-trier.de/,,
f5a50cc4-89cc-590e-bbda-ad2d98d50c3c,Universität Ulm,DE,,http://www.uni-ulm.de/,,
b5434d13-984c-5e51-9e9b-03dfc057729f,Universität der Bundeswehr Hamburg,DE,,http://www.unibw-hamburg.de/,,
298af45b-3586-55df-8041-6a2dd813d2b7,Universität der Bundeswehr München,DE,,http://www.unibw-muenchen.de/,,
cf72bed7-05fd-5193-bb09-af73eda486de,Universität der Künste Berlin,DE,,https://www.udk-berlin.de/,,
44be0c89-60c7-50d2-8ddf-39b2ddcdfc65,Universität des Saarlandes,DE,,http://www.uni-saarland.de/,,
9f00c4fd-c38c-57cc-881d-9efd1d43924b,WHU – Otto Beisheim School of Management,DE,,https://www.whu.edu/,,
946afb35-63a0-5e0c-bd03-9a01e8924fb4,Westfälische Wilhelms-Universität Münster,DE,,http://www.uni-muenster.de/,,
dcae9092-330f-5ac3-8d4a-c656072141e4,Westphalian University of Applied Sciences,DE,,https://www.w-hs.de/,,
df3bac16-88f3-52de-a1b9-ea9aa7ef218e,Westsächsische Hochschule Zwickau (FH),DE,,http://www.fh-zwickau.de/,,
3e3fa86d-118b-5f5c-a3d7-eb25998b5eed,42 FR,FR,,http://www.42.fr/,,
fe26e3a9-c37f-57f1-84d4-c5b647f69f4c,Académie d'Aix-Marseille,FR,,https://www.ac-aix-marseille.fr/,,
770ef2ef-43e8-5164-93d7-610f679dd322,Académie d'Orléans-Tours,FR,,https://www.ac-orleans-tours.fr/,,
331deb7e-f191-592b-a2bf-fcfefbc56dce,Académie de Besançon,FR,,https://www.ac-besancon.fr,,
21d19292-cdc6-5fca-83b7-03b274fbf26d,Académie de Bordeaux,FR,,https://ac-bordeaux.fr/,,
e4eb8011-a612-5406-9cec-ddd1a671f420,Académie de Créteil,FR,,https://www.ac-creteil.fr/,,
3dcaf459-312e-5968-92d7-72517ba3d526,Académie de Mayotte,FR,,https://www.ac-mayotte.fr,,
a2849af9-f630-5faa-89d7-4234e9fbe4a1,Académie de Paris,FR,,https://www.ac-paris.fr/,,
af704a97-046e-5e00-a738-355d1174feae,AgroParisTech,FR,,http://www.agroparistech.fr/,,
a2db93a4-7b33-5ac5-8d59-b8e7a47e5cfd,AgroSup Dijon,FR,,http://www.agrosupdijon.fr/,,
346aa2cf-a982-54cf-b886-8b05f1a58a8f,American Business School of Paris,FR,,https://www.absparis.com/,,
7ac64175-5373-53d5-934e-a9f9a80c8fcb,American Graduate School in Paris,FR,,http://www.ags.edu/,,
610a5aec-0254-549a-809d-23c59f7aebcd,American University of Paris,FR,,http://www.aup.fr/,,
d2394a89-36db-59d9-9e39-4111799337a3,Audencia,FR,,https://www.audencia.com/,,
818e1127-c41a-5a33-983d-43b8d1b2a0bf,Campus Saint Marc,FR,,https://campus-saint-marc.com/,,
9c6224b4-df5a-5209-a045-337224fce693,Central Supélec,FR,,https://www.centralesupelec.fr/,,
4b1eaa1a-b187-526c-b64d-fcb0b45d0d77,Centre National d'Etudes Agronomiques des Régions Chaudes,FR,,http://www.cnearc.fr/,,
9465c997-58b1-5684-b0a5-0a1249afb5b0,Centre d'Etudes Supérieures Industrielles Paris,FR,,http://www.cesi.fr/,,
5f252eb4-2b7d-51d7-b530-40137a4f8f62,Centre d'Etudes Supérieures des Techniques Industrielles,FR,,http://www.ismcm-cesti.fr/,,
be83a0a1-6812-5371-9b47-c50a39ae3354,Centre de Formation et de Perfectionnement des Journalistes,FR,,http://www.cfpj.com/,,
c804c970-a7a8-5502-b359-cb43998e5175,Collège de France,FR,,https://www.college-de-france.fr,,
af64f670-57e5-517a-b123-bccbe869fa40,Conservatoire National des Arts et Métiers,FR,,http://www.cnam.fr/,,
06b666cb-4bbf-50ef-89f2-23b1a230adef,DUT MMI - Université Bordeaux Montaigne,FR,,https://www.mmibordeaux.com/,,
5717c6fc-ce1c-584a-b6b3-544acf290f4e,EIGSI La Rochelle,FR,,https://www.eigsi.fr/,,
1feca868-d74b-56d1-b66c-6afd6b68c0ed,ENIC Telecom Lille 1,FR,,http://www.enic.fr/,,
c28f96ba-1707-54c7-9305-cdc7df77d9c8,EPF Ecole d'Ingénieurs,FR,,http://www.epf.fr/,,
2298b177-7a8c-5d1c-ae2d-49e29ed8c1ab,ESCP Business School,FR,,https://escp.eu/,,
81289a5e-8b4c-5196-b51c-0392bd94fb42,ESLSCA Business School Paris,FR,,https://www.eslsca.fr/,,
722f1da2-a0b7-51b4-85d2-ba1ccaee17e2,Ecole Catholique d'Arts & Metiers,FR,,http://www.ecam.fr/,,
952926f2-7f53-5bed-bf7b-d8259ae42ca6,Ecole Centrale d'Electronique - ECE,FR,,http://www.ece.fr/,,
6785cce4-9929-5be6-8d05-8b9e911e1dfa,Ecole Centrale de Lille,FR,,http://www.ec-lille.fr/,,
ce5c68eb-bde2-55c6-a7d4-be0e2edb5645,Ecole Centrale de Lyon,FR,,http://www.ec-lyon.fr/,,
5adf3b21-f09c-5a1f-bbe6-1f8bc82b91e6,Ecole Centrale de Marseille,FR,,https://www.centrale-marseille.fr/,,
a6d44062-1036-559e-ad6e-e09a2b977ae3,Ecole Centrale de Nantes,FR,,http://www.ec-nantes.fr/,,
502e2222-7d0b-50a7-956c-a13a7a837822,Ecole Européen des Affaires,FR,,http://www.eap.fr/,,
a33d9df0-0e45-577b-8148-10859d1b8fd8,"Ecole Européenne de Chimie, Polymères et Matériaux de Strasbourg",FR,,http://www-ecpm.u-strasbg.fr/,,
71c847cd-1b1a-550a-9fa9-a35aa2484d0f,Ecole Française d'Electronique et d'Informatique,FR,,http://www.efrei.fr/,,
38d2e37e-a473-5ac8-bc9d-6c81cb153083,Ecole Française de Papeterie et des Industries Graphiques,FR,,http://www.efpg.inpg.fr/,,
c61f5bb0-3a6d-5a03-a923-d3a50cd21b37,Ecole Nationale Supérieur d'Ingénieurs de Constructions Aéronautique,FR,,http://www.ensica.fr/,,
3c1af020-0671-5ddc-969f-32ffb0f88dc6,Ecole Nationale Supérieur de Géologie de Nancy,FR,,http://www.ensg.u-nancy.fr/,,
1b802589-0e85-560e-aa20-82f5aa3755fc,Ecole Nationale Supérieur de Mécanique et d'Aéronautique,FR,,http://www.ensma.fr/,,
683d265e-87b4-5ccb-aefd-ec58721f8eb7,Ecole Nationale Supérieur de Mécaniques et des Microtechniques,FR,,http://www.ens2m.fr/,,
4be932ba-d4a2-5d1b-87ee-8977a3a79c72,Ecole Nationale Supérieur des Ingénieur des Etudes et Techniques d'Armement,FR,,http://www.ensieta.fr/,,
0cc4d287-404f-59cf-8a23-4a79cf96e389,Ecole Nationale Supérieure Agronomique de Toulouse,FR,,http://www.ensat.fr/,,
65ee92ab-cb4e-5bdb-882f-e2fed3927b7d,Ecole Nationale Supérieure Electricité et Mécanique,FR,,http://www.ensem.u-nancy.fr/,,
31084100-4fd8-5149-8b33-f83514000f93,Ecole Nationale Supérieure d'Agronomie de Montpellier,FR,,http://www.ensam.inra.fr/,,
778a946d-c5ae-562a-8b3d-56dc35244d15,Ecole Nationale Supérieure d'Agronomie de Rennes,FR,,http://agro.roazhon.inra.fr/,,
1fd5539c-ce27-51ad-93ae-2127a69d9c57,Ecole Nationale Supérieure d'Agronomie et des Industries Alimentaires,FR,,http://www.ensaia.u-nancy.fr/,,
7dc5e980-0657-5a0a-a883-f56e6627c1aa,Ecole Nationale Supérieure d'Arts et Métiers de Paris,FR,,http://www.paris.ensam.fr/,,
59acc6c5-2420-5596-a32c-265117213a07,Ecole Nationale Supérieure d'Electronique et de Radioelectricite de Bordeaux,FR,,http://www.enserb.u-bordeaux.fr/,,
780e8793-92e3-5d13-b58e-0e3c99f7a748,Ecole Nationale Supérieure de Chimie de Clermont-Ferrand,FR,,http://ensccf.univ-bpclermont.fr/,,
5ed944c5-669c-5388-b393-265448fac0b5,Ecole Nationale Supérieure de Chimie de Lille,FR,,http://www.ensc-lille.fr/,,
b5ad0230-25ef-5edc-be21-c4b8aa54d380,Ecole Nationale Supérieure de Chimie de Montpellier,FR,,http://www.enscm.fr/,,
a647b432-3672-5615-bc4f-1eca649c9776,Ecole Nationale Supérieure de Chimie de Mulhouse,FR,,http://www.enscmu.univ-mulhouse.fr/,,
129a536f-553a-5ccb-83ed-1897e1d7b0b0,Ecole Nationale Supérieure de Chimie de Paris,FR,,http://www.enscp.jussieu.fr/,,
495e7b6e-38c7-5259-b8cf-3471969a9c4e,Ecole Nationale Supérieure de Chimie de Rennes,FR,,http://www.ensc-rennes.fr/,,
973cbc74-bbcc-518e-be9e-2d8d0688841d,Ecole Nationale Supérieure de Chimie de Toulouse,FR,,http://www.univ-inpt.fr/~ensct/,,
f323e256-4f10-5527-bca9-91692930573a,Ecole Nationale Supérieure de Chimie et de Physique de Bordeaux,FR,,http://www.enscpb.u-bordeaux.fr/,,
b0da9276-b267-56f0-9cdb-991a991ad542,Ecole Nationale Supérieure de Physique de Marseille,FR,,http://www.enspm.u-3mrs.fr/,,
703fa4dc-3af1-581f-ac62-8299f31078ed,Ecole Nationale Supérieure de Physique de Strasbourg,FR,,http://www-ensps.u-strasbg.fr/,,
1ac83bae-0385-55b5-a315-3cfd0e888415,Ecole Nationale Supérieure de Techniques Avancées,FR,,http://www.ensta.fr/,,
16d7a524-0a42-5f53-9a9b-67f5b554697d,Ecole Nationale Supérieure de l'Aéronautique et de l'Espace,FR,,http://www.supaero.fr/,,
a2c0db53-5179-58d1-ad16-fac5de5a494a,Ecole Nationale Supérieure de l'Electronique et de ses Applications,FR,,http://www.ensea.fr/,,
fc833ceb-549b-5b39-9e4f-d4e072b16541,Ecole Nationale Supérieure des Arts et Industries Textiles,FR,,http://www.ensait.fr/,,
cc80c980-bb3c-5d94-8dbd-47f0ca80699f,Ecole Nationale Supérieure des Arts et Industries de Strasbourg,FR,,http://www-ensais.u-strasbg.fr/,,
c840b02b-68d5-59bc-910d-32b563def423,Ecole Nationale Supérieure des Industries Chimiques de Nancy,FR,,http://www.ensic.u-nancy.fr/,,
306233cf-290a-5302-8a36-a07ae528aee7,Ecole Nationale Supérieure des Industries Textiles de Mulhouse,FR,,http://www.ensitm.fr/,,
0f98562d-e8c2-55b8-85aa-cb37a7a877e2,Ecole Nationale Supérieure des Mines d'Alès,FR,,https://www.mines-ales.fr/,,
dbca5365-a2eb-5ad7-9b89-bf026f0f5cf9,Ecole Nationale Supérieure des Mines de Douai,FR,,http://www.ensm-douai.fr/,,
555f17a6-11fe-5e44-8d13-3cebe7deb4b5,Ecole Nationale Supérieure des Mines de Nancy,FR,,http://www.mines.u-nancy.fr/,,
c3fda067-e00f-5b6c-b95b-e6e157bb3ff6,Ecole Nationale Supérieure des Mines de Paris,FR,,http://www.ensmp.fr/,,
3b1f822d-6dac-5810-a5b5-afbe35849a3c,Ecole Nationale Supérieure des Mines de St-Etienne,FR,,http://www.emse.fr/,,
eca91ddf-fb4d-54b6-a21f-e221037b85ec,Ecole Nationale Supérieure des Telecommunications de Bretagne,FR,,http://www.enst-bretagne.fr/,,
21eac27c-3308-50f6-85fb-e2049ac7be9c,Ecole Nationale Supérieure des Telecommunications de Paris,FR,,http://www.enst.fr/,,
c1c48fcb-45ee-5448-af2c-7395af23fccb,Ecole Nationale Supérieure du Pétrole et des Monteurs,FR,,http://www.ifp.fr/EC/EC000GP1.html,,
0d112769-5934-5d10-bfaa-ae46a293ada3,"Ecole Nationale Supérieure en Electrotechnique, Electronique, Informatique et Hydraulique de Toulouse",FR,,http://www.enseeiht.fr/,,
5cea972a-1dcc-5941-879a-7ee86ac9579b,Ecole Nationale Vétérinaire d'Alfort,FR,,http://www.vet-alfort.fr/,,
69f8ea98-4558-5fcc-8036-c1ed78a7a50e,Ecole Nationale Vétérinaire de Lyon,FR,,http://www.vet-lyon.fr/,,
db3a3f64-c3e4-542d-90d8-770b0edc377d,Ecole Nationale Vétérinaire de Nantes,FR,,http://www.vet-nantes.fr/,,
84495ac7-f1f3-53d4-a173-cf4882ffb488,Ecole Nationale Vétérinaire de Toulouse,FR,,http://www.envt.fr/,,
2d588039-abed-591d-a414-cf74f644d16c,Ecole Nationale d'Administration,FR,,http://www.ena.fr/,,
e532ef7b-c4e2-501a-a61f-f6ecf3b0a614,Ecole Nationale d'Ingénieurs de Metz,FR,,http://www.enim.fr/,,
2038930b-2b1f-5447-aa72-4d8485c7a3c9,Ecole Nationale d'Ingénieurs de Saint-Etienne,FR,,http://www.enise.fr/,,
7742c877-4fd3-5a75-a9b1-c3032e3d04d8,Ecole Nationale d'Ingénieurs de Tarbes,FR,,http://www.enit.fr/,,
ca858608-79ec-5d7d-a41b-6d88036ab144,Ecole Nationale d'Ingénieurs des Techniques des Industries Agricoles et Alimentaires,FR,,http://www.enitiaa-nantes.fr/,,
ed71d399-06d2-5657-9925-1c5004e127d6,Ecole Nationale d'Ingénieurs des Travaux Agricoles de Bordeaux,FR,,http://www.enitab.fr/,,
00e5806f-4b50-5bdb-b33e-abf3cb693dbb,Ecole Nationale d'Ingénieurs des Travaux Agricoles de Clermont-Ferrand,FR,,http://www.enitac.fr/,,
1f8db8f0-d545-5e28-8947-88b0d0cbf0e8,Ecole Nationale de l'Aviation Civile,FR,,http://www.enac.fr/,,
9eb4e598-8636-593c-a8ca-ce4e7e003feb,Ecole Nationale de la Météorologie,FR,,http://www.enm.meteo.fr/,,
ab89a829-05dd-5614-b997-fc98d593adf5,Ecole Nationale de la Statistique et de l'Administration Economique,FR,,http://www.ensae.fr/,,
9ab3d0a6-eb39-5099-83d3-4e8e96ad67c8,Ecole Nationale de la Statistique et de l'Analyse de l'information,FR,,http://www.ensai.fr/,,
ae65444e-4396-5800-9787-9d4d1ad502a7,Ecole Nationale des Ponts et Chausees,FR,,http://www.enpc.fr/,,
1d7a6dc5-7f7a-5ee4-941c-7c86a6d9d8a5,Ecole Nationale des Sciences Géographiques,FR,,http://www.ensg.ign.fr/,,
58ff027b-d26c-59c3-9489-d82dc5b23969,Ecole Nationale des Travaux Publics de l'Etat,FR,,http://www.entpe.fr/,,
1b954e14-6448-542c-af78-8fb10c4d47e7,Ecole Nationale du Génie de l'Eau et de l'Environnement de Strasbourg,FR,,http://www-engees.u-strasbg.fr/,,
101742f7-71f8-5586-a8e1-19f3c268a576,Ecole Normale Supérieure de Fontenay-Saint Cloud,FR,,http://www.ens-fcl.fr/,,
0a76d6cc-1c17-56ba-b9d6-00793213a3ab,Ecole Normale Supérieure de Lyon,FR,,http://www.ens-lyon.fr/,,
966b4e5d-f69c-5b14-b089-4a63edb6ae2c,Ecole Normale Supérieure de Paris,FR,,http://www.ens.fr/,,
2d6458ef-cf23-5b65-8078-456aee02e1ca,Ecole Polytechnique Marseille,FR,,http://www.polytech-marseille.fr/,,
7e57480e-4ded-5f9c-9a10-540838357224,Ecole Polytechnique Universitaire de Lille,FR,,http://www.polytech-lille.fr/,,
8004f7ad-2543-5fcf-8fb9-7102754ad34b,Ecole Pour l'Informatique et les Techniques Avancees,FR,,http://www.epita.fr/,,
ea886625-d4b4-5c27-9c5e-4db640c554a8,Ecole Spéciale de Mécanique et d'Electricité,FR,,http://www.esme.fr/,,
2e472fc3-5dfc-5572-a9f2-145e1a5770fa,Ecole Spéciale des Travaux Publics du Bâtiment et de l'Industrie,FR,,http://www.estp.fr/,,
f6ecbe1c-ca35-5dbb-8bfb-1d90fd5b6746,Ecole Superieur d'Ingenieurs Leonard de Vinci,FR,,http://www.devinci.fr/,,
52670a64-d3f7-5668-a94f-246b3b67f6a4,Ecole Superieure Robert de Sorbon,FR,,http://www.sorbon.fr/,,
1a15e724-5da1-590e-94e2-ebde82fd7a71,Ecole Supérieure Internationale d'Administration des Entreprises,FR,,http://www.esiae.fr/,,
5660f0e0-5731-5a2c-b8b7-9552789eed6b,Ecole Supérieure d'Agriculture d'Angers,FR,,http://www.groupe-esa.com/,,
8b2553b3-3efa-5cdd-a1cc-8e2f5e77422e,Ecole Supérieure d'Agriculture de Purpan,FR,,http://www.esa-purpan.fr/,,
319d3cdd-8332-55b1-a87d-f74db7b743b0,Ecole Supérieure d'Electricité,FR,,http://www.supelec.fr/,,
1e5eddd4-9df0-53f0-9b75-906a10c57c9a,Ecole Supérieure d'Electronique de l'Ouest,FR,,http://www.eseo.fr/,,
3bb6d26d-cdc0-5a30-b9d1-fe3b76694447,Ecole Supérieure d'Informatique-Electronique-Automatique,FR,,http://www.esiea.fr/,,
9fe95881-04c8-5bef-a9fc-195c0c86fc74,Ecole Supérieure d'Ingénieurs de Marseille,FR,,http://esim.imt-mrs.fr/,,
67575caa-2e15-516c-9a88-e8970cf1b16e,Ecole Supérieure d'Ingénieurs en Electronique et Electrotechnique,FR,,http://www.esiee.fr/,,
a35544e7-486b-5301-a820-c0fe91c594ae,Ecole Supérieure d'Ingénieurs en Génie Electrique,FR,,http://www.esigelec.fr/,,
040d25f8-94bd-5283-888c-9e1d6f12c159,Ecole Supérieure d'Ingénieurs et de Techniciens pour l'Agriculture,FR,,http://www.esitpa.org/,,
1a249f5c-a763-5a8c-b860-aa484f1fdef1,Ecole Supérieure d'Optique,FR,,http://www.iota.u-psud.fr/~ecole/,,
5ea84e0a-44fe-50f7-a970-b93c4f131cfb,Ecole Supérieure de Chimie Organique et Minérale,FR,,http://www.escom.fr/,,
6cd6e665-7cae-5884-8119-af3d56770d08,Ecole Supérieure de Chimie Physique Electronique de Lyon,FR,,http://www.cpe.fr/,,
12c22962-9717-5143-8858-2bac107fb982,Ecole Supérieure de Commerce de Bordeaux,FR,,http://www.esc-bordeaux.fr/,,
c92b44eb-5917-579e-9049-c05ab3b3201b,Ecole Supérieure de Commerce de Brest,FR,,http://www.esc-brest.fr/,,
153a489d-5fbe-505e-9ea8-436169ad18c0,Ecole Supérieure de Commerce de Clermont-Ferrand,FR,,http://www.esc-clermont.fr/,,
9f2bdc93-901c-50af-a6fc-84958d64cf15,Ecole Supérieure de Commerce de Dijon,FR,,http://www.escdijon.com/,,
73249b03-74e5-5026-9fc3-22080bf8b99a,Ecole Supérieure de Commerce de Le Havre/Caen,FR,,http://www.esc-normandie.fr/,,
63bb7a18-fcc0-5230-848a-a4faf06d50c6,Ecole Supérieure de Commerce de Lille,FR,,http://www.esc-lille.fr/,,
a9870681-ff82-507c-8bc7-ad74501d9ccd,Ecole Supérieure de Commerce de Lyon,FR,,http://www.em-lyon.com/,,
da306897-f051-5243-93b7-bfe05d5ecd87,Ecole Supérieure de Commerce de Marseille-Provence,FR,,http://www.esc-marseille.fr/,,
3be3deda-1c98-53c4-95dd-463c0998929f,Ecole Supérieure de Commerce de Nantes-Atlantique,FR,,http://www.escna.fr/,,
7fa30431-5d8a-5fb3-be37-0cdec2d34111,Ecole Supérieure de Commerce de Paris,FR,,http://www.escp.fr/,,
ba1cc946-49b8-585c-b7df-c92b20fa55cc,Ecole Supérieure de Commerce de Pau,FR,,http://www.esc-pau.fr/,,
1ace439a-0e25-5200-8457-afd98b2d6356,Ecole Supérieure de Commerce de Reims,FR,,http://www.esc-reims.edu/,,
a553b965-fdbb-5db4-a0b4-41ddbdd08631,Ecole Supérieure de Commerce de Rouen,FR,,http://www.esc-rouen.fr/,,
f7e556e1-8951-5d94-b4e4-c11609157691,Ecole Supérieure de Commerce de Sophia Antipolis,FR,,http://www.ceram.edu/,,
fa46a4de-c61d-5731-ad06-85db605bccc2,Ecole Supérieure de Commerce de Toulouse,FR,,http://www.esc-toulouse.fr/,,
a6065ce3-ebdc-559e-913a-da0c99003080,Ecole Supérieure de Commerce et Management,FR,,http://www.escem.fr/,,
06f7aca0-cbf9-5a01-9c76-eaccf7b39323,Ecole Supérieure de Physique et de Chimie Industrielles,FR,,http://www.espci.fr/,,
a339aba4-d6e7-5bfd-9a7c-e1a09e5da9b3,Ecole Supérieure des Sciences Commerciales d'Angers,FR,,http://www.essca.asso.fr/,,
859bbfa9-4074-5079-9c32-239513f1b828,Ecole Supérieure des Sciences Economiques et Commerciales,FR,,http://www.essec.fr/,,
f508f9ab-72d7-584b-b207-94a30223a897,Ecole Supérieure des Sciences et Technologie de l'Ingénieur de Nancy,FR,,http://www.esstin.u-nancy.fr/,,
13b45c72-9460-5fcc-9b94-6dc0dc4c37ff,Ecole Universitaire d'Ingénieurs de Lille,FR,,http://www.eudil.fr/,,
002f31ba-31cf-5c33-85dd-8a444e0588b9,Ecole d'Architecture de Nancy,FR,,http://www.nancy.archi.fr/,,
0b100ee2-e098-5825-b452-702a4c0bfe9a,Ecole d'Ingénieurs en Informatique pour l'Industrie,FR,,http://www.e3i.univ-tours.fr/,,
5efeb09a-7af3-53f8-a845-2bdb2b02e149,Ecole de l'Air,FR,,http://www.aea.asso.fr/,,
319b7237-b2bc-5afd-8824-f462b5c944cd,Ecole des Hautes Etudes Commerciales du Nord,FR,,http://edu.edhec.com/,,
d4bdb57c-935c-5bab-81bd-be1772012b83,Ecole des Hautes Etudes Industrielles de Lille,FR,,http://www.hei.fr/,,
224470d3-1929-581d-abad-0620e6d8cd6b,Ecole des Ingénieurs de la Ville de Paris,FR,,http://www.eivp-paris.fr/,,
be95ca85-1b39-5349-bac7-5c7a5b7dc5f0,Ecole des technologies numeriques appliquees,FR,,http://www.etna.io/,,
6ea0e5c1-b9fb-5923-93bc-0d888e056e62,Ecole pour l'Informatique et les nouvelles Technologies,FR,,http://www.epitech.eu/,,
590e65c2-9d1d-5316-bd26-c64a5043ddac,Ecole pour les Etudes et la Recherche en Informatique et Electronique,FR,,http://www.eerie.fr/,,
56df4c42-b56c-5509-aa18-1e5658318090,European Business School,FR,,http://www.ebs-paris.com/,,
8457aed3-fe82-5fde-a047-e51210450ea6,European Management Center Paris,FR,,http://www.emc-campus.com/,,
bedccea7-06d0-5a29-80cf-8aa46b8ca6f8,Grenoble Ecole de Management,FR,,http://www.grenoble-em.com/,,
bd163345-c658-579a-ba2f-d9397851814e,Groupe Sup de Co Amiens Picardie,FR,,http://www.supco-amiens.fr/,,
3dd952f3-339e-5f8e-a684-0c01b1583239,Groupe Sup de Co Montpellier,FR,,http://www.supco-montpellier.fr/,,
85037f4e-3c8f-5949-9914-113a6915638a,IAE France,FR,,https://www.iae-france.fr/,,
2b8f348e-d4d5-564b-ae95-d5c26b2453d4,IDRAC (Institut de recherche en action commerciale),FR,,http://www.ecoles-idrac.com/,,
1fca5bf1-b7ce-5a99-b079-89463ab47f88,IMT Atlantique,FR,,https://www.imt-atlantique.fr/,,
22c94409-c4f9-5c32-bcd8-55b3227e3acb,INSEAD,FR,,https://www.insead.edu/,,
19fb5506-5b18-53d9-9134-9b74ad4e0ac0,INU Champollion,FR,,https://www.univ-jfc.fr/,,
6b6411f3-5fc7-51e5-afc0-9f4a3404d36a,Institut Catholique d'Arts et Métiers Lille,FR,,http://www.icam.fr/,,
b6658ce7-8db2-5d9a-8c14-f1cf3990103a,Institut Catholique de Paris,FR,,http://www.icp.fr/,,
132518c4-f234-5bd1-b04c-2e4695e1d369,Institut Catholique de Toulouse,FR,,http://www.ict-toulouse.asso.fr/,,
c7350472-74c8-51c6-aa67-c426f815aa1b,Institut Commercial de Nancy,FR,,http://www.icn-nancy.com/,,
c4c119b9-bf07-5582-a945-aa995455695b,Institut National Polytechnique de Lorraine,FR,,http://www.inpl-nancy.fr/,,
55120aee-c3bf-57d7-9aa2-ef60650be67c,Institut National Polytechnique de Toulouse,FR,,http://www.inp-fc.fr/,,
cb97d73d-5a4d-53bc-a9cf-5931c4503e33,Institut National des Sciences Appliquées de Lyon,FR,,http://www.insa-lyon.fr/,,
9b135282-51d8-5337-90ad-2f96f25704cd,Institut National des Sciences Appliquées de Rennes,FR,,http://www.insa-rennes.fr/,,
9f48aca1-2d07-5bb5-93a6-a786a6988985,Institut National des Sciences Appliquées de Rouen,FR,,http://www.insa-rouen.fr/,,
e20adf58-6d33-51be-bf2e-2401f7b68443,Institut National des Sciences Appliquées de Toulouse,FR,,http://www.insa-tlse.fr/,,
d37248eb-8d22-57de-81b6-674349721a6f,Institut National des Télécommunications,FR,,http://www.int-evry.fr/,,
5bf5566b-05f8-5fa3-a916-243e643b540e,Institut Sup'Biotech de Paris,FR,,http://www.supbiotech.fr/,,
22f8b478-af85-51d4-9d30-9710cfddea4f,Institut Supérieur Agricole de Beauvais,FR,,http://www.isab.fr/,,
cd3fd0a9-6b46-52bc-b4a3-03e75ee79019,Institut Supérieur d'Agriculture Lille,FR,,http://www.isa.fupl.asso.fr/,,
8a38595f-1cd7-5e54-af04-be97c764fb0a,Institut Supérieur d'Agriculture Rhone-Alpes,FR,,http://www.isara.fr/,,
2872700b-3a5b-5a1e-9df8-5ccd7e61ff23,Institut Supérieure d'Electronique de Paris,FR,,http://www.isep.fr/,,
c20ac528-162b-59d4-b7e4-598a62628389,Institut Supérieure d'Electronique du Nord,FR,,http://www.isen.fr/,,
1daa2134-d792-5c79-8ded-e74fbb058c32,Institut Textile et Chimique de Lyon,FR,,http://www.itech.fr/,,
ccacb49f-0afe-5f5a-9d14-4d21a42d54f3,Institut d'Etudes Politiques de Bordeaux,FR,,http://www.iep.u-bordeaux.fr/,,
13637c2e-5d77-595a-a76a-ceca6fee5180,Institut d'Etudes Politiques de Paris (Sciences Po),FR,,http://www.sciences-po.fr/,,
5d819497-36c6-5199-a868-95879815f6b6,Institut d'études politiques de Rennes,FR,,https://www.sciencespo-rennes.fr/en/,,
f35273dd-4ad5-5fbe-9b51-f86c3216d4f9,Institut de Recherche et Coordination Acoustique/Musique,FR,,http://www.ircam.fr/,,
4793cb80-f09d-56e0-ad73-a939e05ddeac,Institut de Recherche et d'Enseignement Supérieur aux Techniques de l'électronique,FR,,http://www.ireste.fr/,,
fc6d3908-ef76-54bc-a3b6-c8656561572e,Institut des Sciences de l'Ingénieur de Clermont-Ferrand,FR,,http://cust.univ-bpclermont.fr/,,
8150b538-8649-5486-8efe-0cb7894cb836,Institut des Sciences de l'Ingénieur de Montpellier,FR,,http://www.isim.univ-montp2.fr/,,
62630cb0-7722-596b-be69-af9bfc3fd2e3,Institut des Sciences de la Matière et du Rayonnement,FR,,http://www.ismra.fr/,,
e14f5448-081c-5f3b-a4de-b40c902cfd81,Institut des hautes études économiques et commerciales,FR,,http://www.inseec.fr/,,
d1c76343-9963-549e-bb84-aca9db4cabfa,Institut polytechnique de Grenoble,FR,,https://grenoble-inp.fr/,,
896eeb4e-db8b-5491-b497-27001d249836,Institut polytechnique des sciences avancees,FR,,http://www.ipsa.fr/,,
519f1642-4de4-5970-a865-4e6a6919cfc6,Institut privé d'enseignement supérieur,FR,,https://www.insead.edu/,,
b02ac0f4-a3de-57a1-af7b-ded6bbe92858,Institute Français de la Mode,FR,,https://www.ifmparis.fr/,,
adf827f1-660c-5648-a14a-84c759a278a8,IÉSEG School of Management,FR,,https://ieseg.fr,,
f812ac24-935c-5bf2-8842-43515f46afa1,National Institute of Applied Sciences of Toulouse,FR,,https://insa-toulouse.fr,,
43e8b843-9e40-5320-87cf-20e872a15823,Rennes School of Business,FR,,https://www.rennes-sb.com/,,
8a325b21-af5a-554d-a105-ca5814738bb1,SKEMA Business School,FR,,https://www.skema.edu/,,
1389de21-6a6e-5e4e-af25-a9caafc5237d,"Schiller International University, Paris",FR,,http://www.schillerparis.com/,,
5947dde5-4da2-585d-ba4e-64afd5e84143,"Schiller International University, Strasbourg",FR,,http://www.schillerstrasbourg.com/,,
7c0233e9-915b-57e2-a0b9-5d5cbc03c607,Sorbonne Université - Faculté des Sciences (Paris VI),FR,,https://sciences.sorbonne-universite.fr/,,
f0f40378-6e65-5944-9678-944dfd9c99ad,UniLaSalle,FR,,https://www.unilasalle.fr/,,
69318633-b94a-5599-b37a-7f57a06588d9,University of Burgundy,FR,,https://u-bourgogne.fr/,,
6dda8c14-6c1b-5928-9f7d-1136afee8714,Université Blaise Pascal (Clermont-Ferrand II),FR,,http://www.univ-bpclermont.fr/,,
c958e7fc-52bf-53b1-9bd4-6ed3cf66769d,Université Bordeaux I,FR,,http://www.cribx1.u-bordeaux.fr/,,
1629b6ed-abeb-5a05-91cc-115ba3c455a9,Université Bourgogne - Franche-Comté,FR,,http://www.ubfc.fr/,,
f2f42e50-6974-5f25-a9b4-8bf4580e9599,Université Catholique de Lille,FR,,http://www.fupl.asso.fr/,,
f1521d47-3a9d-563e-b770-ead727e1dd4d,Université Catholique de Lyon,FR,,http://www.univ-catholyon.fr/,,
27fa3792-4d4b-5ef1-a5c3-573d0a18c3de,Université Catholique de l' Ouest,FR,,http://www.uco.fr/,,
f5b4a54f-b603-504f-8641-b0f97cb4eac4,Université Champollion,FR,,http://www.univ-jfc.fr/,,
d9d89046-7275-5146-82a4-c3e276f4ae62,Université Charles-de-Gaulle (Lille III),FR,,http://www.univ-lille3.fr/,,
3f87d257-720d-5b73-bac2-0f5716d05817,Université Claude Bernard (Lyon I),FR,,http://www.univ-lyon1.fr/,,
101e618d-698a-526b-9ed4-0794dead04ac,Université Clermont Auvergne,FR,,https://www.uca.fr,,
7da72742-f0e0-5f7f-8aed-779968601762,Université Denis Diderot (Paris VII),FR,,http://www.sigu7.jussieu.fr/,,
c395f62b-66ca-54c4-84cc-9e702eb5bb1e,Université Diderot Paris 7,FR,,http://www.univ-paris-diderot.fr/english/,,
cd6e83b2-019c-5588-be32-1d522eb5e7f1,Université François Rabelais de Tours,FR,,http://www.univ-tours.fr/,,
77e814c1-98a8-582c-9e63-a7db46af2557,Université Grenoble Alpes,FR,,https://www.univ-grenoble-alpes.fr/,,
7cd675aa-6dc3-5cfc-83c4-8115a258e0a1,Université Henri Poincaré (Nancy I),FR,,http://www.uhp-nancy.fr/,,
37e4cc81-557a-5df8-8ad7-38aead7dbdb4,Université Jean Monnet,FR,,http://www.univ-st-etienne.fr/,,
8c0d116e-259b-54e0-812c-e7a2d370e45d,Université Jean Moulin (Lyon III),FR,,http://www.univ-lyon3.fr/,,
77f3ce78-f0e0-5439-94aa-ae5f483d35da,Université Louis Pasteur (Strasbourg I),FR,,http://www-ulp.u-strasbg.fr/,,
78f19b04-1695-5637-9ebb-aa6f2c62fa33,Université Lumiére (Lyon II),FR,,http://www.univ-lyon2.fr/,,
05c8520b-7fd8-5d4c-b574-1dc9d1707ff2,Université Michel de Montaigne (Bordeaux III ),FR,,http://www.montaigne.u-bordeaux.fr/,,
245716bc-784e-528c-bf98-86653f92d828,Université Montesquieu (Bordeaux IV),FR,,http://www.montesquieu.u-bordeaux.fr/,,
1c07c85a-928c-55e8-b4d9-4fc8bb757357,Université Nancy II,FR,,http://www.univ-nancy2.fr/,,
175bef00-2619-53ad-a714-6a688e5f980a,Université Panthéon-Assas (Paris II),FR,,http://www.u-paris2.fr/,,
0c17de70-d34a-5ccc-89a2-df46a0e57869,Université Panthéon-Sorbonne (Paris I),FR,,http://www.univ-paris1.fr/,,
261559a3-2b7f-52de-8707-6e5441251ef3,Université Paris Nanterre (Paris X),FR,,http://www.u-paris10.fr/,,
c7a7f075-6917-5e13-a73c-5dbc4ccab0b8,Université Paris Nord (Paris XIII),FR,,http://www.univ-paris13.fr/,,
be026b5f-bc97-5411-9d01-53c09a4f8ee1,Université Paris Ouest Paris X Nanterre,FR,,https://www.parisnanterre.fr/,,
06f1e87c-fded-5b6c-aa16-bcaf3e0a94ab,Université Paris Sud (Paris XI),FR,,http://www.u-psud.fr/,,
f8d55332-8fa0-5950-9569-fbea2dee345d,Université Paris est Créteil Val de Marne Paris XII,FR,,http://www.u-pec.fr/,,
97fc9267-a9a7-5d9a-9eec-b445ce385199,Université Paris-Dauphine (Paris IX),FR,,http://www.dauphine.fr/,,
df4473b6-5395-5d0e-a5c9-84ce4e0e5233,Université Paris-Est Marne-la-Vallée,FR,,http://www.univ-mlv.fr/,,
5efc2474-994b-51b6-9654-d3f41f7c1d27,Université Paris-Saclay,FR,,https://www.universite-paris-saclay.fr,,
34a22166-4045-5742-871d-149f3ff9a6aa,Université Paris-Sorbonne (Paris IV),FR,,http://www.paris4.sorbonne.fr/,,
bb1ac3db-324e-50c1-8a30-c115f62e2bfa,Université Paul Sabatier (Toulouse III),FR,,http://www.ups-tlse.fr/,,
ba0b8395-e6a5-5efe-a268-895906b591a1,Université Paul Valéry (Montpellier III),FR,,http://www.univ-montp3.fr/,,
da7047e8-d9fa-550e-a209-a6f8600a309b,Université Pierre Mendès France,FR,,http://www.upmf-grenoble.fr/,,
71c0714a-7457-5a89-a7e5-1c2926405d39,Université Rennes I,FR,,http://www.univ-rennes1.fr/,,
1e949f2e-f352-5d73-9e79-b7c97fb6370a,Université Rennes II - Haute-Bretagne,FR,,http://www.uhb.fr/,,
02cb44fd-3897-5518-8b99-0a0304b64e2a,Université René Descartes (Paris V),FR,,http://www.univ-paris5.fr/,,
b0c7436f-c0a9-5170-a0cb-54b9ce97a8a9,Université Robert Schuman (Strasbourg III),FR,,http://www-urs.u-strasbg.fr/,,
69c7842e-aeb9-52ac-a480-5f0b5e5a9a2e,Université Sorbonne-Nouvelle (Paris III),FR,,http://www.univ-paris3.fr/,,
0f1db84e-0210-5cca-b9ca-2600b1856558,Université Val-de-Marne (Paris XII),FR,,http://www.univ-paris12.fr/,,
d587a168-ef05-5630-94bc-0c8eec983113,Université Victor Segalen (Bordeaux II),FR,,http://www.u-bordeaux2.fr/,,
1612d839-f211-5229-bba6-5bf323356e6e,Université Vincennes Saint-Denis (Paris VIII),FR,,http://www.univ-paris8.fr/,,
9bba5187-3c92-5c24-94a8-e929a2c873de,Université d'Aix-Marseille,FR,,http://www.univ-amu.fr/,,
74b65a93-b8c1-59bb-be4e-ee4214116d26,Université d'Aix-Marseille III,FR,,http://www.u-3mrs.fr/,,
0bd8d577-0fc1-5734-8a2e-75a00591f8a1,Université d'Angers,FR,,http://www.univ-angers.fr/,,
74f80744-1105-57e0-b0ad-971cf4795c23,Université d'Artois,FR,,http://www.univ-artois.fr/,,
d3821ed6-7197-5a2e-8d06-2a070aa0bb72,Université d'Auvergne (Clermont-Ferrand I),FR,,http://www.u-clermont1.fr/,,
a6195c7d-f781-59a3-ac04-f7e0e896a310,Université d'Avignon,FR,,http://www.univ-avignon.fr/,,
2ae652cb-9256-5277-a4f0-daafe9d0d714,Université d'Evry Val d'Essonne,FR,,http://www.univ-evry.fr/,,
8893436f-fb1a-5b1f-93da-94b054eda8ca,Université d'Orléans,FR,,http://www.univ-orleans.fr/,,
5272deae-7916-5270-bfb2-d9d315d85131,Université de Bretagne Occidentale,FR,,http://www.univ-brest.fr/,,
1aef3922-23e8-51a9-9710-5b760cec0be1,Université de Bretagne Sud,FR,,http://www.univ-ubs.fr/,,
f1844c45-ada8-5af9-b2f3-20dfda500704,Université de Caen Basse Normandie,FR,,http://www.unicaen.fr/,,
47f65d90-ddcd-5fb5-8178-6ca256bce25c,Université de Cergy-Pontoise,FR,,http://www.u-cergy.fr/,,
1a0867ed-90ed-53ab-9381-390405b7c999,Université de Corse Pascal Paoli,FR,,http://www.univ-corse.fr/,,
3a12b04c-3a31-530f-b5fb-08c7975b72d6,Université de Franche Comté,FR,,http://univ-fcomte.fr/,,
f345921b-1734-5b04-a627-a957c21ba42d,Université de Haute-Alsace,FR,,http://www.univ-mulhouse.fr/,,
836c48be-4a48-511c-aac2-47965f0000b6,Université de La Rochelle,FR,,http://www.univ-lr.fr/,,
0cd32083-8905-55aa-aa6d-c835c451c820,Université de Limoges,FR,,http://www.unilim.fr/,,
a944ad3a-84f7-5eee-8bd5-b73d9dd9f7e3,Université de Lorraine,FR,,http://www.univ-lorraine.fr/,,
6cbd67d3-8b20-5f56-8a54-d04a027402bf,Université de Metz,FR,,http://www.univ-metz.fr/,,
08d29e6c-c2f8-5ba1-b2b0-99618b914bdc,Université de Montpellier,FR,,https://www.umontpellier.fr/,,
846e4a73-01dc-54f3-8344-047ec1ae2a23,Université de Nantes,FR,,http://www.univ-nantes.fr/,,
b0e7dcdb-e356-5a5e-a3c9-66e8eadeb84e,Université de Nice-Sophia Antipolis,FR,,http://www.unice.fr/,,
81718f74-adb5-5b86-9899-1348ce3512fd,Université de Nimes,FR,,http://www.unimes.fr/,,
3dc50ca8-94f0-5e8f-a8d3-8fa03b6174c3,Université de Paris IV Sorbonne,FR,,http://www.paris-sorbonne.fr/,,
4f4f32d0-2ebb-5a87-97c7-335ed0a22d1c,Université de Pau et des Pays de l'Adour,FR,,http://www.univ-pau.fr/,,
da21da4f-293f-50a5-a9b2-ed0a0042f747,Université de Perpignan,FR,,http://www.univ-perp.fr/,,
863b40f7-59da-581d-8663-f189eee1b12e,Université de Picardie Jules-Verne,FR,,http://www.u-picardie.fr/,,
9fd2d1eb-ef25-51d6-b91c-724242de0d36,Université de Poitiers,FR,,http://www.univ-poitiers.fr/,,
768a9db1-556c-5722-baa9-48cfafd734bb,Université de Provence (Aix-Marseille I),FR,,http://www.up.univ-mrs.fr/,,
02d4f602-1741-55e1-8540-40d7a7b22b60,Université de Reims Champagne-Ardenne,FR,,http://www.univ-reims.fr/,,
8ce8710c-4436-56b1-9b01-36454da51886,Université de Rennes 2,FR,,https://www.univ-rennes2.fr/,,
33cff54b-c2da-527b-a5d4-0094a72c6bf1,Université de Rouen - Haute Normandie,FR,,http://www.univ-rouen.fr/,,
2d2a8d90-9454-5a30-ab60-7b01b293be5d,Université de Savoie,FR,,http://www.univ-savoie.fr/,,
5a4a3839-f4e6-5333-bc57-69e59e9c5573,Université de Strasbourg,FR,,https://www.unistra.fr/,,
3ddb1223-b807-5980-baa7-bdab3e0b3ac5,Université de Technologie de Belfort Montbéliard,FR,,http://www.utbm.fr/,,
0b15bd08-d90a-5061-b2d6-12a9cc2efc83,Université de Technologie de Compiègne,FR,,http://www.utc.fr/,,
b9ba8c0f-857c-55fc-8b63-2a8c17c1783d,Université de Technologie de Troyes,FR,,http://www.utt.fr/,,
1e19c070-dbe7-5c09-b00f-fc2c2e2fc287,Université de Toulouse,FR,,http://www.univ-toulouse.fr/,,
d6c66668-03ce-5635-bda3-4649a4db57af,Université de Toulouse-le-Mirail (Toulouse II),FR,,http://www.univ-tlse2.fr/,,
124a37ad-f057-5fa6-8ec9-83561ad63477,Université de Toulouse-le-Mirail (Toulouse III),FR,,http://www.univ-tlse3.fr/,,
accdab84-3b8f-5739-92c5-e1e0f372edbd,Université de Valenciennes et du Hainaut-Cambrésis,FR,,http://www.univ-valenciennes.fr/,,
50c448eb-1625-5242-b498-aa73b1ae0c5a,Université de Versailles Saint-Quentin-en-Yvelines,FR,,http://www.uvsq.fr/,,
892d834e-375b-5f2b-8193-c41076f53aea,Université de la Méditerranée (Aix Marseille II),FR,,http://www.univmed.fr/,,
d697e47f-227d-5fda-b07e-a795cf3af68b,Université des Sciences Humaines (Strasbourg II),FR,,http://ushs.u-strasbg.fr/,,
82ce67fd-4fa0-5518-b435-c02b515075ae,Université des Sciences Sociales (Toulouse I),FR,,http://www.univ-tlse1.fr/,,
c89fdef3-944b-5c6f-a8c4-63c2b1b1221c,Université des Sciences et Technologies de Lille (Lille I),FR,,http://www.univ-lille1.fr/,,
18a5735e-6ddb-5853-822b-a87f9803c614,Université du Droit et de la Sante (Lille II),FR,,http://www.univ-lille2.fr/,,
6405098c-2b60-5f25-aba1-a2e60ba5bc07,Université du Havre,FR,,http://www.univ-lehavre.fr/,,
589f4079-d6ac-5fc9-8719-5e6e992f1726,Université du Littoral Cote d'Opale,FR,,http://www.univ-littoral.fr/,,
60ad77fb-1d1a-5a48-b38a-55a4c0a584d7,Université du Maine,FR,,http://www.univ-lemans.fr/,,
cdacb5af-60f6-55c7-b2f7-0041ac96ab92,"Université du Sud, Toulon et Var",FR,,http://www.univ-tln.fr/,,
c187d77d-932c-5e12-b0f6-87cab70eee72,Yncrea,FR,,https://yncrea.fr/,,
019e640b-63f5-5316-8606-7f6563f54ebd,École Polytechnique,FR,,http://www.polytechnique.fr/,,
8a2b6276-bce5-5853-8562-aa4d868f2b35,École des Hautes Études Commerciales (HEC Business School),FR,,http://www.hec.fr/,,
22452418-0bf6-5838-a8c9-2c7ade96be26,École normale supérieure Paris-Saclay,FR,,https://ens-paris-saclay.fr/,,
7293e08a-b432-5506-a9fe-ff0ee12c8e18,Aberystwyth University,GB,,https://aber.ac.uk/,,
9f2166de-e3ed-5ede-9aef-31b5d390553d,American InterContinental University - London,GB,,http://www.aiuniv.edu/,,
15381f14-13d7-5d67-bee6-652013515ba8,Anglia Ruskin University,GB,,http://www.anglia.ac.uk/,,
2085cde8-6da1-58af-a9d2-3952683fc964,Aston University,GB,,http://www.aston.ac.uk/,,
a59ea51a-e4b5-5eeb-ba92-46b32c0a8da2,Bath Spa University,GB,,https://www.bathspa.ac.uk/,,
760c893d-5124-5184-b38c-714082f13ab2,"Birkbeck College, University of London",GB,,http://www.bbk.ac.uk/,,
0fcde747-16d4-59cf-bd2e-178aab4cfd4a,Birmingham City University,GB,,http://www.bcu.ac.uk/,,
2ff47728-7ec3-540c-b7e6-57f0e09815de,Bournemouth University,GB,,http://www.bournemouth.ac.uk/,,
461476b1-b526-5802-8eba-1062b3a3c38a,Bridgwater & Taunton College,GB,,https://www.btc.ac.uk/,,
9caa14d8-a8e1-568b-bc77-fa19403a2a6f,British College of Osteopathic Medicine,GB,,http://www.bcom.ac.uk/,,
8a1e9eec-afa9-552f-9bbb-2e78d45f3fe8,Brunel University Uxbridge,GB,,http://www.brunel.ac.uk/,,
77aa34cb-fb78-5019-a871-03bf89f358ef,Buckinghamshire New University,GB,,http://www.bucks.ac.uk/,,
02cb373d-f49e-58bc-8a16-20445309c128,Camberwell College of Arts,GB,,http://www.camb.linst.ac.uk/,,
f2fbee25-40a1-5279-af70-43e8cd77cd3c,Canterbury Christ Church University,GB,,http://www.canterbury.ac.uk/,,
f3ca5bcf-1ae8-53d0-8df6-f4f5d5549031,Cardiff University,GB,,http://www.cardiff.ac.uk/,,
e8e6e5e8-34cc-58cb-9985-3638b668f540,Cardiff and Vale College,GB,,https://cavc.ac.uk/,,
5d179596-f701-51d2-b04f-efe255bc24aa,Central Saint Martins College of Art & Design,GB,,http://www.csm.linst.ac.uk/,,
bec60a24-8c72-5bd5-8491-300e48efe640,Chelsea College of Art and Design,GB,,http://www.chelsea.linst.ac.uk/,,
05c58334-bc17-53a3-a77f-45c240439002,"City St George's, University of London",GB,,https://www.citystgeorges.ac.uk/,,
1e687e32-bae8-53a6-88bd-1d3b5346609d,"City St George's, University of London (II)",GB,,https://www.citystgeorges.ac.uk/,,
3b5acdcd-0eae-51fb-ac47-2e8d5ee27dc4,"City St George's, University of London (School of Health and Medical Sciences)",GB,,https://www.sgul.ac.uk/,,
a0ca7875-8386-5940-9efa-f19a0b3e1296,City University,GB,,http://www.city.ac.uk/,,
35e9493c-9222-59d9-8e0c-9daefb1e7e50,"Courtauld Institute of Art, University of London",GB,,http://www.courtauld.ac.uk/,,
58d13db0-8f24-5ab1-be57-f7f962511f20,Coventry University,GB,,http://www.coventry.ac.uk/,,
dd9f0bfe-d12d-5468-9eca-dcae0093fa47,Cranfield University,GB,,http://www.cranfield.ac.uk/,,
fc3594b9-27ed-5a0e-a479-eba5665be14e,De Montfort University Leicester,GB,,http://www.dmu.ac.uk/,,
2cc5e7bb-838d-56ce-8b59-57222c75fad9,ESCP Business School,GB,,https://escp.eu/london,,
4bd7afed-e787-506d-90a8-50d05ddd8f71,East Coast College,GB,,https://www.eastcoast.ac.uk/,,
fe43c953-381e-5bcf-bb9a-7ab6474228e4,Edge Hill University,GB,,http://www.edgehill.ac.uk/,,
07e3d302-1a92-50b2-8fe9-83979daa9036,Edinburgh Napier University,GB,,https://www.napier.ac.uk/,,
03a4863a-1383-52db-8f29-3cae1040177c,European School of Economics,GB,,http://www.eselondon.ac.uk/,,
4495dae4-d957-55fa-b9c9-d65fba60dc89,Falmouth University,GB,,http://www.falmouth.ac.uk/,,
32d74f2f-4154-5e8c-9ba5-61f83a376e4d,Futureworks,GB,,https://futureworks.ac.uk/,,
a7359e4e-b55e-5743-a944-6ef78e3eb0cb,Glasgow Caledonian University,GB,,http://www.gcal.ac.uk/,,
f092c0c2-80e3-5498-b759-5e25157120a0,Glasgow School of Art,GB,,http://www.gsa.ac.uk/,,
c9a043d4-3b67-5a66-b692-a46dc0730b70,"Goldsmiths College, University of London",GB,,http://www.gold.ac.uk/,,
f313ebe2-f5f8-5572-91cd-af43cccccffe,HULT Business School,GB,,https://www.hult.edu/campuses/london/postgraduate/,,
7292d51e-bf06-58f7-9193-0e2f8c4c334b,Harlaxton College,GB,,https://college.harlaxton.co.uk/,,
8f38f5ba-71eb-54f8-89bd-b6a50b0665f3,Heriot-Watt University,GB,,http://www.hw.ac.uk/,,
abdacb1f-7708-51b6-b25c-8a9628dab927,"Heythrop College, University of London",GB,,http://www.heythrop.ac.uk/,,
e302ab86-f567-52ca-9c1b-16c4c9e91282,Huron University USA in London,GB,,http://www.huron.ac.uk/,,
0f4e4369-7575-5957-b13e-fe755e7b51b1,Imperial College London,GB,,http://www.imperial.ac.uk/,,
8d385eac-4a5f-5e58-b4f7-6df9104f0fec,Imperial College School of Medicine,GB,,http://www.med.ic.ac.uk/,,
0432898f-9efe-5813-a5b5-0d696a67cccb,"Institue of Historical Research, University of London",GB,,http://ihr.sas.ac.uk/,,
e72052a4-5ba9-5d23-8634-c68044a4b3f9,"Institute of Education, University of London",GB,,http://www.ioe.ac.uk/,,
d5d43ec4-6f55-5eed-bdf2-56f7806ec5bf,International Centre for Isclamic Science,GB,,http://www.kolieh.com/,,
b1c9049e-3582-5338-8c75-766c8fa7ba43,International Colleges of Islamic Science,GB,,http://www.islamiccolleges.com/,,
78b83476-8893-599c-a954-cc472f7193d9,Keele University,GB,,http://www.keele.ac.uk/,,
904d0e6e-9a39-5c74-b1ee-7f5b5b091bad,"King's College London, University of London",GB,,http://www.kcl.ac.uk/,,
b0404faa-31da-548c-8370-e8e4885990c3,Kingston University,GB,,http://www.kingston.ac.uk/,,
7cbb062e-c2a2-597b-a3bc-7c3b3d11a713,Leeds Beckett University,GB,,https://www.leedsbeckett.ac.uk/,,
4a0d8619-468b-5a1c-b50b-34872a78e934,Leeds Trinity University,GB,,https://www.leedstrinity.ac.uk/,,
07a1790b-473d-5058-bb7d-20e2e63cb31c,Liverpool Hope University College,GB,,http://www.hope.ac.uk/,,
62e6d946-3808-5608-a13d-be78955e1967,Liverpool John Moores University,GB,,https://www.ljmu.ac.uk/,,
33398fd9-f116-5ce1-a160-2d47aa626730,London College of Science & Technology,GB,,http://www.lcst.ac/,,
be14336d-3ff8-58af-8322-61f1b3f8f3cc,London Guildhall University,GB,,http://www.lgu.ac.uk/,,
e1e70ed9-bdca-522e-b7ca-9a8241a7009a,London Institute of Management and Technology,GB,,http://www.limt.co.uk/,,
8525651a-6822-54b9-be12-d58978400193,London Interdisciplinary School,GB,,https://www.lis.ac.uk/,,
f4d7ebb6-95cc-51ea-9c8a-16078752ddf4,London Metropolitan University,GB,,http://www.londonmet.ac.uk/,,
4c2927b6-4f31-5f85-a032-08bad04820cb,London School of Business & Finance,GB,,http://www.lsbf.org.uk/,,
15e02e21-2995-5d07-a421-900f113e72f0,"London School of Economics and Political Science, University of London",GB,,http://www.lse.ac.uk/,,
22714bde-7ed6-5da7-b7a7-a4f7651c97ee,"London School of Hygiene & Tropical Medicine, University of London",GB,,http://www.lshtm.ac.uk/,,
cfbf5c41-0072-5d69-9f37-66fc5c42b264,London School of Jewish Studies,GB,,http://www.brijnet.org/lsjs/,,
1d98f562-f253-5c6d-84f9-a8e17204dec6,London South Bank University,GB,,https://www.lsbu.ac.uk/,,
e4a399d8-9fed-5f86-9cea-1d9f7c556fec,Loughborough University,GB,,http://www.lboro.ac.uk/,,
8604eda1-8171-5370-8a2a-109cf07e1750,Middlesbrough College,GB,,https://www.mbro.ac.uk/,,
63431a85-d815-5f28-8b93-4483653e2403,Middlesex University - London,GB,,https://www.mdx.ac.uk/,,
b90fae66-5353-5430-b462-3cfa2996a99d,New College Swindon,GB,,https://www.newcollege.ac.uk/,,
a341de23-06d8-5a01-b006-e1ced905f9a3,Newcastle College,GB,,https://www.ncl-coll.ac.uk/,,
5f408a0b-2d43-5224-ac8f-6825b91b750c,Newcastle University,GB,,https://www.ncl.ac.uk/,,
a5f07040-d503-50ea-aa25-e717fe0eca35,Newport International University,GB,,http://www.niu.org.uk/,,
a6763d5d-fe65-570f-8ab7-a0e8621b790a,Northumbria University,GB,,https://www.northumbria.ac.uk/,,
14267fc8-5c60-5818-91c5-db2767162396,Nottingham Trent University,GB,,http://www.ntu.ac.uk/,,
41a1822a-32fd-5e81-8972-d5f42c4c8514,Open University,GB,,http://www.open.ac.uk/,,
cfc00078-a4b0-52f6-ad00-fe8ffd8681f2,Oxford Brookes University,GB,,http://www.brookes.ac.uk/,,
886e0fcf-cfcc-59f2-a60d-ee95b12339b2,"Queen Mary, University of London",GB,,http://www.qmul.ac.uk/,,
332a8988-661f-5f6f-8d0d-935466c687e7,Richmond University - The American International University in London,GB,,http://www.richmond.ac.uk/,,
34293b3b-c499-5abe-acd6-aad017229f09,Roehampton University of Surrey,GB,,http://www.roehampton.ac.uk/,,
c3c523c1-457e-580c-9df7-48301b4b72a2,"Royal Academy of Music, University of London",GB,,http://www.ram.ac.uk/,,
dfc3a7e6-615c-53f1-b0ac-09348bb0eef0,Royal College of Art,GB,,http://www.rca.ac.uk/,,
7c097280-d72f-5f2b-a05e-7dc52251a696,"Royal College of Music, University of London",GB,,http://www.rcm.ac.uk/,,
1a1224c2-3dcb-5a9b-8fb8-af498d57d5f1,"Royal Free Hospital School of Medicine, University of London",GB,,http://www.rfhsm.ac.uk/,,
0333f684-dcbc-5969-bae4-6aa3ca1108b3,Royal Holloway University of London,GB,,https://rhul.ac.uk,,
4e4cc144-6f5b-575f-9c17-ef8104fe4cc2,Royal Holloway and Bedford New College,GB,,http://www.royalholloway.ac.uk/,,
9b49a8b0-ea06-5359-ad93-0985a1e2db6b,Runshaw College,GB,,https://www.runshaw.ac.uk/,,
51282619-43a8-55dd-87bd-d96c70ac0c84,"Saint George's Hospital Medical School, University of London",GB,,http://www.sghms.ac.uk/,,
2792f15b-9a3d-5bcb-a7d6-c5fb642e9b99,"Schiller International University, London",GB,,http://www.schillerlondon.ac.uk/,,
80d7ec52-2810-5429-b8cb-aca38a166533,"School of Advanced Study, University of London",GB,,http://www.sas.ac.uk/,,
b3e0eb81-5a93-591b-a93d-f61bbf5bef3b,"School of Oriental and African Studies, University of London",GB,,http://www.soas.ac.uk/,,
1aeea2ef-a8ef-594a-8289-b3e57e94c398,"School of Pharmacy, University of London",GB,,http://www.ulsop.ac.uk/,,
aacb6dc9-01d2-54b2-a709-e1fa34d1a21b,"School of Slavonic and East European Studies, University of London",GB,,http://www.ssees.ac.uk/,,
14c19a57-c2b1-5391-812f-8740040d4efa,Scotland's Rural College (SRUC),GB,,https://www.sruc.ac.uk/,,
afdf262c-eae6-5a21-a7f8-a1385ff4fe5d,Sheffield Hallam University,GB,,http://www.shu.ac.uk/,,
40f760ec-eb2a-5a04-8c6d-b3e7ca378028,Sotheby´s Institute of Art - London,GB,,http://www.sothebysinstitutelondon.com/,,
57f31830-1037-529e-8995-31154159c88e,South Bank University,GB,,http://www.sbu.ac.uk/,,
498ffc0b-5f58-5ace-af8c-13ae9eb4eca9,Southampton Solent University,GB,,http://www.solent.ac.uk/,,
8d8d73ae-9ad9-51aa-97c4-06ad945449d2,St Mary's University,GB,,https://www.stmarys.ac.uk/home.aspx,,
2c142f23-2dda-5889-a5a4-004542f5f306,"St.Patrick's International College, London",GB,,http://www.st-patricks.ac.uk/,,
ecac4b20-9ad2-5883-bd0b-de4b5e19c342,Staffordshire University,GB,,http://www.staffs.ac.uk/,,
608d76a5-b250-5e34-8c73-95cc1c71f301,Stratford College London,GB,,http://www.sclondon.ac/,,
fe5d8997-3820-5c2c-b4de-cd66d6b6d184,Swansea Metropolitan University,GB,,http://www.smu.ac.uk/,,
ead5afe8-f907-581d-9c3e-7cb8fa36000a,Swansea University,GB,,https://www.swansea.ac.uk/,,
e4c4d594-484f-50f6-b7a6-431a4e26f7b6,Thames Valley University,GB,,http://www.tvu.ac.uk/,,
2804ff9a-f20c-5804-b0bd-2ab8aba7ceb1,The American University in London,GB,,http://www.aul.edu/,,
8e27875d-126b-5ba3-9222-4a32b232fe4a,The Manchester Metropolitan University,GB,,http://www.mmu.ac.uk/,,
66a3f56d-e315-5177-8f27-087c8748ff14,The Queen's University Belfast,GB,,http://www.qub.ac.uk/,,
62ea2883-2972-5373-b56b-17f7bcc5457a,The Robert Gordon University,GB,,http://www.rgu.ac.uk/,,
e637e89b-1d32-54e7-865b-a3a8b17bc6ab,The University of Sheffield,GB,,https://www.sheffield.ac.uk/,,
e7b43040-fd16-5838-bc7d-3302d7f2d43a,Trinity College Bristol,GB,,https://www.trinitycollegebristol.ac.uk/,,
bc282fe9-79a4-5107-b11f-fc08922c33ab,Trinity College Carmarthen,GB,,http://www.trinity-cm.ac.uk/,,
b9aa955f-e3ca-541f-86a3-765e61c05f58,Trinity College of Music,GB,,http://www.tcm.ac.uk/,,
f5cf323d-1198-5395-9e0c-a73ac72b21cb,Ulster University,GB,,https://www.ulster.ac.uk/,,
ea91f24d-1b0e-5058-84b7-de7c6c5a88ff,"United Medical and Dental Schools, University of London",GB,,http://www.umds.ac.uk/,,
54ca6644-50de-59e9-93e8-ce05bcbd0221,University Campus Suffolk,GB,,http://www.ucs.ac.uk/,,
60d4f81a-3a83-50c1-b8f3-368516b065aa,"University College London, University of London",GB,,http://www.ucl.ac.uk/,,
88fbe0bf-2f53-5f1e-bd4f-6396ab8458d8,University of Aberdeen,GB,,http://www.abdn.ac.uk/,,
556d6896-d85c-566e-8d2c-9b633cb70c30,University of Abertay Dundee,GB,,http://www.abertay.ac.uk/,,
071d975e-9e57-5785-a481-0e0612cf6154,University of Bath,GB,,http://www.bath.ac.uk/,,
1dd4fd31-b073-5afc-86e0-4b19b0786f64,University of Bedfordshire,GB,,http://www.beds.ac.uk/,,
a23110eb-df12-524c-b87e-3a09f871b646,University of Birmingham,GB,,http://www.bham.ac.uk/,,
42397bdf-2384-5ae1-9a72-ca046a9a06f4,University of Bolton,GB,,http://www.bolton.ac.uk/,,
5af169d1-f627-5b63-ae2f-4f0deb61aeda,University of Bradford,GB,,http://www.brad.ac.uk/,,
44d393b5-4fa9-5229-85ae-46c0c2626cfe,University of Brighton,GB,,http://www.bton.ac.uk/,,
d2fd8075-87ff-526f-ae32-6d67c79d31aa,University of Bristol,GB,,https://www.bristol.ac.uk/,,
7fde0067-2f0c-5bbf-984a-9eb81e9ba848,University of Buckingham,GB,,http://www.buck.ac.uk/,,
b453352d-54de-5031-9a37-dc67669334ad,University of Cambridge,GB,,http://www.cam.ac.uk/,,
8bb785bb-afae-5c3d-8251-67896ccf3118,University of Central Lancashire,GB,,http://www.uclan.ac.uk/,,
9ba550f2-aa7e-58a7-9fa5-165984be3198,University of Chester,GB,,http://www.chester.ac.uk/,,
2751def5-a0cb-5391-b958-ace57ebb0126,University of Cumbria,GB,,https://www.cumbria.ac.uk/,,
b35724e4-c7e0-5503-b7da-61e80b9f19e5,University of Derby,GB,,http://www.derby.ac.uk/,,
baaded32-6549-5025-8d57-d75083071e22,University of Dundee,GB,,http://www.dundee.ac.uk/,,
32b97b96-08c1-5ad0-9024-596e0770e172,University of Durham,GB,,http://www.dur.ac.uk/,,
292e04b3-7e2b-5692-b5cd-93cd0d0bd06b,University of East Anglia,GB,,http://www.uea.ac.uk/,,
ed1a812e-5992-55bc-b112-39048ad21420,University of East London,GB,,http://www.uel.ac.uk/,,
b8df26b9-6434-51af-be3b-d663a013bd76,University of Edinburgh,GB,,http://www.ed.ac.uk/,,
2766f246-1e40-56f9-b747-0ac354b583ef,University of Essex,GB,,http://www.essex.ac.uk/,,
6a9dc107-57da-58ec-b15e-86f534551dcc,University of Exeter,GB,,http://www.ex.ac.uk/,,
84007e71-59df-5255-a3d6-a0e0aca0d409,University of Glamorgan,GB,,http://www.glam.ac.uk/,,
745b889a-8875-5b3f-99f6-0539ad48646b,University of Glasgow,GB,,http://www.gla.ac.uk/,,
25311506-2d3d-5f57-9f36-513349a2220a,University of Gloucestershire,GB,,http://www.glos.ac.uk/,,
eceb2b01-4533-5237-b7dd-60f3ef97e1c3,University of Greenwich,GB,,http://www.gre.ac.uk/,,
88bcca19-fb12-50a1-8ab6-fcb6a468a0e5,"University of Halifax, Birmingham Campus",GB,,http://www.halifaxuni.ac/,,
0490babe-741a-5eac-908a-fc8c4681dfc2,University of Hertfordshire,GB,,http://www.herts.ac.uk/,,
4134814b-2be1-5858-9f37-f0e8f630dd25,University of Huddersfield,GB,,http://www.hud.ac.uk/,,
c134edbd-aee9-59d3-9e1a-699939a35466,University of Hull,GB,,http://www.hull.ac.uk/,,
addcb68e-7968-5597-a6a8-bb1fdfb5fabc,University of Kent at Canterbury,GB,,http://www.ukc.ac.uk/,,
ce4da4d8-e3a0-5fa7-a1c2-58f2355be78b,University of Lancaster,GB,,http://www.lancs.ac.uk/,,
4ecba8f8-0918-5bad-bd3a-a01b5ec2dd16,University of Leeds,GB,,http://www.leeds.ac.uk/,,
9f9d111e-894e-5401-9959-756654b27f29,University of Leicester,GB,,http://www.le.ac.uk/,,
dd1b0059-d3d9-556a-b2ff-ffdb91e19d5c,University of Lincoln,GB,,http://www.lincoln.ac.uk/,,
b9e2322b-7149-5feb-8be8-b1ad756036d9,University of Liverpool,GB,,http://www.liv.ac.uk/,,
d2258a56-bb04-5fbb-ab1d-c926664a8337,University of London,GB,,https://www.london.ac.uk/,,
49a1511c-c963-567e-907f-d0406e75bfb0,University of Manchester,GB,,http://www.manchester.ac.uk/,,
21bbb51a-8631-56dc-8398-e7dea4b904a7,University of North London,GB,,http://www.unl.ac.uk/,,
6b7f76b2-75a3-5f32-9004-26199d747051,University of Northampton,GB,,http://www.northampton.ac.uk/,,
d05f548a-3d3e-5291-8bb8-5f96988e796e,University of Nottingham,GB,,http://www.nottingham.ac.uk/,,
9e976127-3eaa-5c24-adb2-f313480f04ea,University of Oxford,GB,,http://www.ox.ac.uk/,,
b87ca328-4dd6-5494-9ceb-85a0727c67d0,University of Paisley,GB,,http://www.paisley.ac.uk/,,
b89d0203-9a19-541b-97b0-eb5e11756398,University of Plymouth,GB,,http://www.plymouth.ac.uk/,,
7edc0486-3f63-5ed1-ac81-508431bf2d0c,University of Portsmouth,GB,,http://www.port.ac.uk/,,
3fce5bf6-07e0-5163-9d8b-3ea3e97b017f,University of Reading,GB,,http://www.rdg.ac.uk/,,
ca9e0cdf-f67f-5f22-a90e-abc0c3ed79a4,University of Salford,GB,,http://www.salford.ac.uk/,,
489e8ae8-d279-5a9f-a5c5-5c0cd26a26b7,University of Southampton,GB,,http://www.southampton.ac.uk/,,
f9f8ae9b-c47c-5127-ac9d-7d34e8d9913d,University of St. Andrews,GB,,https://www.st-andrews.ac.uk/,,
020ada9f-98fc-537e-bfa6-09884daeb833,University of Stirling,GB,,http://www.stir.ac.uk/,,
71b9a639-e226-5739-9fbd-9e253a39276e,University of Strathclyde,GB,,http://www.strath.ac.uk/,,
b18fcde2-40ee-5d9f-97d3-f52ee369d6fb,University of Sunderland,GB,,http://www.sunderland.ac.uk/,,
d7bced64-7d8a-5645-98aa-b5d689070e67,University of Surrey,GB,,http://www.surrey.ac.uk/,,
0571fa7d-b998-5a00-b3e5-46cd68f4f965,University of Sussex,GB,,http://www.sussex.ac.uk/,,
96e07cb6-60eb-5afe-a5ab-9e98f6b08113,University of Teesside,GB,,http://www.tees.ac.uk/,,
a80b25a9-8367-5506-a4ff-752774ffd468,University of Wales,GB,,http://www.wales.ac.uk/,,
fb41da92-1aa9-5cf1-a761-81f13d7b2f87,University of Wales College of Medicine,GB,,http://www.uwcm.ac.uk/,,
13384e4d-ff74-55bc-a912-bbfedef02055,"University of Wales Institute, Cardiff",GB,,http://www.uwic.ac.uk/,,
d79d443d-4ed5-55b3-b877-3318ce602790,"University of Wales, Bangor",GB,,http://www.bangor.ac.uk/,,
46d96830-14de-5109-8150-0ccc04f2ff09,"University of Wales, Lampeter",GB,,http://www.lamp.ac.uk/,,
8ac59c1d-3c49-5789-abba-460b1779b42b,"University of Wales, Newport",GB,,http://www.newport.ac.uk/,,
f2dd231b-d794-5ace-8a0d-3f89ac2a83ed,"University of Wales, Swansea",GB,,http://www.swan.ac.uk/,,
22ef1359-15cc-5e16-aef4-05e4bcb10c0f,University of Warwick,GB,,http://www.warwick.ac.uk/,,
11aa2d82-8e45-5321-aaee-b987a6a4fe31,University of Westminster,GB,,http://www.westminster.ac.uk/,,
a48b76f5-9444-54d0-aeee-30193285d430,University of Wolverhampton,GB,,http://www.wlv.ac.uk/,,
0b9da449-d54b-5805-91eb-a2c18ce49258,University of Worcester,GB,,http://www.worc.ac.uk/,,
fa83190f-ddf1-551d-8d6e-eb5eaf78b1e4,University of York,GB,,http://www.york.ac.uk/,,
d91f3412-2f89-5688-8190-9e80732a79a2,University of the Arts London,GB,,https://www.arts.ac.uk,,
59444a91-d90d-5cef-82ee-c1d4ceb9f0dc,"University of the West of England, Bristol",GB,,http://www.uwe.ac.uk/,,
6331162a-4e09-55f0-9a82-6b7c2128de32,Up Learn Business School,GB,,https://uplearnbusinessschool.com/,,
d4e2c938-1da5-5053-b651-0c9140c4583b,Wakefield College,GB,,https://wakefield.ac.uk,,
fdde5d0d-a57d-5087-b7df-c2b44611628c,Warnborough University,GB,,http://www.warnborough.edu/,,
b593d261-f2e0-557e-93a8-5c71e2bfe5d6,West Herts College,GB,,https://westherts.ac.uk,,
05e2c65b-0222-5e43-b1ab-e03c0b64edf9,West Suffolk College,GB,,https://www.wsc.ac.uk/,,
51f819b8-88a0-54fe-9616-95ae254dc3ba,William Gilbert College,GB,,http://www.williamgilbert.co.uk/,,
e2cf8839-0a25-53ec-ac4b-d8475092febb,Wimbledon School of Art,GB,,http://www.wimbledon.ac.uk/,,
7859e8e5-d8be-52c4-b790-aab7ff51a4f8,York St. John University,GB,,https://www.yorksj.ac.uk/,,
c21e1e79-8940-5294-a4ac-af40d0acace0,ifs University College,GB,,http://www.ifslearning.ac.uk/,,
64a889a8-be9c-54ec-8368-1804bb9041c4,Aeres Hogeschool Almere,NL,,https://www.aereshogeschool.nl/,,
e1e15d3f-a049-57a2-a0f8-75898793390e,Christelijke Hogeschool Windesheim,NL,,http://www.windesheim.nl/,,
85df72e8-84b3-51d0-a264-98c30c19ca01,De Haagse Hogeschool,NL,,http://www.dehaagsehogeschool.nl/,,
51176b11-6fb1-58bb-b614-c078e0455e92,Delft University of Technology,NL,,http://www.tudelft.nl/,,
971cc522-3717-5905-a7ca-f5b5ab1fc601,Dutch Delta University,NL,,http://www.ddu.nl/,,
e5e006ad-3fec-5204-b69b-6e17c22eee33,Eindhoven University of Technology,NL,,http://www.tue.nl/,,
a3aa2d7e-c3a9-5d34-97b0-db1e0c3ebf88,Erasmus University Rotterdam,NL,,http://www.eur.nl/,,
793603fd-448b-562c-9163-90f62ede2ed7,European Leadership University,NL,,https://amsterdam.tech/,,
58bf9758-ced0-5d01-af0c-a30236c7970d,European Open University,NL,,http://www.europeanopenuniversity.com/,,
cdf20ed3-835d-5a32-8bf8-e45cf0836de8,Fontys University of Applied Sciences,NL,,http://www.fontys.edu/,,
738d3cf9-36d7-5c9a-89e1-c17e404d0b7f,Foundation University,NL,,http://www.foundationuniversity.com/,,
3f42bee2-6f1a-5b0b-97a3-0bae47cf0ecf,HAN University of Applied Sciences,NL,,https://www.hanuniversity.com/,,
e2212497-47ed-5551-af01-04320d41cdd1,Hanze University Groningen,NL,,http://www.hanze.nl/,,
07ae9177-da4e-5c7f-afb1-0eff32924de0,Hogeschool Inholland,NL,,http://www.inholland.nl/,,
79259b33-04a8-514b-82fb-44663503332c,Hogeschool Leiden,NL,,http://www.hsleiden.nl/,,
e9c6647d-b86b-5b83-aa0e-f95df9c8665c,Hogeschool Rotterdam,NL,,http://www.hro.nl/,,
248c5acd-8110-54c1-abae-081f9445b2fd,Hogeschool Utrecht,NL,,http://www.hu.nl/,,
60def28d-35cf-5a05-86af-4878f646e71e,Hogeschool van Amsterdam,NL,,http://www.hva.nl/,,
0d8e2aff-c95e-56ab-9f3c-ae7311d94abd,Hogeschool voor de Kunsten Utrecht (HKU),NL,,http://www.hku.nl/,,
b02436eb-8875-5787-99a2-bbc53d317396,Hotelschool The Hague,NL,,http://www.hotelschool.nl/,,
f37631b8-8962-5e7d-bf9c-2bd0e385ce64,Institute of Social Studies,NL,,http://www.iss.nl/,,
a8b208e2-8fff-56af-8f97-ca903d4c741e,International Institute for Geo - Information Science and Earth Observation,NL,,http://www.itc.nl/,,
acf6ddb4-f371-59c9-9886-916693d04dc1,International University School of Medicine (IUSOM),NL,,http://www.internationaluniversity-schoolofmedicine.org/,,
c9b47d0c-b420-5196-92e7-658014999c6c,Islamic University of Rotterdam,NL,,http://www.islamicuniversity.nl/,,
3d2d2670-0ce0-52cb-954c-30eb1c7e79b8,Maastricht University,NL,,http://www.unimaas.nl/,,
e79600ce-81f0-5397-be0f-3ddde859b5b3,NHTV Breda University of Professional Education,NL,,http://www.nhtv.nl,,
4f23998a-91f0-5d40-b8b3-1bd02a7424fd,Nyenrode Business University,NL,,http://www.nyenrode.nl/,,
e97dcf22-febc-5baf-b6bd-35f7ade22d30,Open University of the Netherlands,NL,,http://www.ou.nl/,,
45ec1835-572b-5019-a665-81b46eecfea1,Radboud University,NL,,http://www.ru.nl/,,
7f9ae9f7-81ae-513e-8e27-ad0453880115,Roosevelt Academy University College,NL,,http://www.roac.nl/,,
611710e0-ef23-55cf-a363-afe235d2d225,Rotterdam School of Management,NL,,https://www.rsm.nl/,,
13e54566-9131-5ee3-b504-a35d375cacae,Saxion Universities,NL,,http://saxion.edu/,,
d2006fd4-09cc-5744-bd7b-9556223dc5cc,"St.James's School of Medicine, Bonaire",NL,,http://www.sjsm.org/,,
ca8f3e9a-4023-57da-afa6-772dfca5a1b6,Stenden University,NL,,http://www.stenden.com/,,
7a37ef38-1297-506b-a051-cf79e19a24cd,Tilburg University,NL,,http://www.tilburguniversity.nl/,,
ceb52daf-5490-5fba-8dd5-c61dbd960e76,UNESCO-IHE Institute for Water Education,NL,,http://www.unesco-ihe.org/,,
2895c39e-e800-50fc-9645-776c4fa856fb,Universiteit Leiden,NL,,https://www.universiteitleiden.nl/,,
7c977edb-6703-5bf7-a72b-73aebeffe3c3,University for Humanistics (UH),NL,,http://www.uvh.nl/,,
ddb4821e-a7db-5121-9094-d90c52617723,University of Amsterdam,NL,,http://www.uva.nl/,,
fca837b1-b988-520f-9255-8bdde77ee96d,University of Groningen,NL,,http://www.rug.nl/,,
f5149f86-8e00-50f9-989d-6c31843de646,University of Sint Eustatius School of Medicine,NL,,http://www.eustatiusmed.edu/,,
ac3cd481-9483-5726-9d4b-d43ad5301cc2,University of Twente,NL,,http://www.utwente.nl/,,
dd15dace-c4a5-5de6-9a96-98192906c7bd,"University of the Netherlands Antilles, Curacao",NL,,http://www.una.an/,,
521c9b67-b3fa-5d6c-93bd-05a7fb802e31,Utrecht University,NL,,http://www.uu.nl/,,
2dcafd06-7bd9-56bf-9aad-420a672cbaa7,Vrije Universiteit Amsterdam,NL,,http://www.vu.nl/,,
8929f278-200d-5537-823e-3afdbdf50148,Wageningen University,NL,,http://www.wageningenuniversity.nl/,,
e1c59fd4-9990-5293-bafb-5cdb2516c9e7,Wittenborg University,NL,,http://www.wittenborg.eu/,,
1c76e32c-b2db-5442-89b9-df2bdd65ab50,Zuyd University,NL,,http://www.zuyd.nl/,,
